SCRIPT,BASELINE-COOKIE-GET,BASELINE_COOKIE_SET,BASELINE-DOM,BASELINE-XHR,BASELINE-CNT,OUR-COOKIE-GET,OUR_COOKIE_SET,OUR-DOM,OUR-XHR,OUR_CNR,COMPARE
"/RIG_ek/1/2016-02-07-engeniusforum.com-jquery_injection.js",-1,-1,-1,-1,-4,-1,-1,-1,-1,-4,Y
"/RIG_ek/2/2016-02-23-Rig-EK-chain-step-1-ancientbathsny.com-jquery.js",-1,-1,-1,-1,-4,-1,-1,-1,-1,-4,Y
"/RIG_ek/2/2016-02-23-Rig-EK-chain-step-1-cyclocamping.com-jquery.min.js",-1,-1,-1,-1,-4,-1,-1,-1,-1,-4,Y
"/RIG_ek/2/2016-02-23-Rig-EK-chain-step-1-pavtube.com-jquery.js",-1,-1,-1,-1,-4,-1,-1,-1,-1,-4,Y
"/RIG_ek/2/2016-02-23-Rig-EK-chain-step-1-planetside.co.uk-mootools-core.js",-1,-1,-1,-1,-4,-1,-1,-1,-1,-4,Y
"/RIG_ek/2/2016-02-23-Rig-EK-chain-step-1-theprojectgirl.com-jquery.js",-1,-1,-1,-1,-4,-1,-1,-1,-1,-4,Y
"/RIG_ek/ek_rig_start[.]remax-grandrapidstwp[.]com.js",-1,-1,-1,-1,-4,-1,-1,-1,-1,-4,Y
"/angler/12/deobfuscated_injection.js",1,1,1,0,3,1,1,1,0,3,Y
"/angler/12/jquery_injected.js",1,1,1,0,3,1,1,1,0,3,Y
"/angler/201506/ek_angler_2015_06_21.js",-1,-1,-1,-1,-4,-1,-1,-1,-1,-4,Y
"/angler/20160211/2016-02-11-www.pdcmemphis.com-wp-emoji-releae_injected.js",1,1,1,0,3,1,1,1,0,3,Y
"/angler/20160212/2016-02-15-page-from-waterfrontsouthgate.com.au_injected.js",1,1,1,0,3,1,1,1,0,3,Y
"/angler/20160222/2016-02-22-js-from-compromised-website-skinnymom.com-edd-checkout-global.min.js",1,1,1,0,3,1,1,1,0,3,Y
"/angler/20160222/2016-02-22-js-from-compromised-website-skinnymom.com-zlrecipe_print.js",1,1,1,0,3,1,1,1,0,3,Y
"/angler/20160229/2016-02-29-js-file-from-sushifaq.com-wp-emoji-release.min_injected.js",1,1,1,0,3,1,1,1,0,3,Y
"/angler/20160302/2016-03-02-kiwitemplates.com-bootstrap.min_injected.js",1,1,1,0,3,1,1,1,0,3,Y
"/angler/20160302/2016-03-02-kiwitemplates.com-caption_injected.js",1,1,1,0,3,1,1,1,0,3,Y
"/angler/20160302/2016-03-02-kiwitemplates.com-core_injected.js",1,1,1,0,3,1,1,1,0,3,Y
"/angler/20160302/2016-03-02-kiwitemplates.com-engine.mootools_injected.js",1,1,1,0,3,1,1,1,0,3,Y
"/angler/20160302/2016-03-02-kiwitemplates.com-jquery-migrate.min_injected.js",1,1,1,0,3,1,1,1,0,3,Y
"/angler/20160302/2016-03-02-kiwitemplates.com-jquery-noconflict_injected.js",-1,-1,-1,-1,-4,-1,-1,-1,-1,-4,Y
"/angler/20160302/2016-03-02-kiwitemplates.com-jquery.min_injected.js",1,1,1,0,3,1,1,1,0,3,Y
"/angler/20160302/2016-03-02-kiwitemplates.com-mootools-core_injected.js",1,1,1,0,3,1,1,1,0,3,Y
"/angler/20160302/2016-03-02-page-from-dompetdhuafa.org.au-with-injected-script.js",1,1,1,0,3,1,1,1,0,3,Y
"/angler/20160308/inject1_deobfuscated.js",-1,-1,-1,-1,-4,-1,-1,-1,-1,-4,Y
"/angler/20160308/inject3_deobfuscated.js",-1,-1,-1,-1,-4,-1,-1,-1,-1,-4,Y
"/angler/misc/AnglerEK_IE11_32bits_Landing_CVE-2014-4130.js",-1,-1,-1,-1,-4,-1,-1,-1,-1,-4,Y
"/angler/misc/ek_angler_2015_06_10.js",-1,-1,-1,-1,-4,-1,-1,-1,-1,-4,Y
"/bleeding_life/PluginDetect_deobfuscated.js",-1,-1,-1,-1,-4,-1,-1,-1,-1,-4,Y
"/crimepack/iframes/sample9.js",0,0,1,0,1,0,0,1,0,1,Y
"/crimepack/iframes/sample90.js",0,0,1,0,1,0,0,1,0,1,Y
"/crimepack/iframes/sample900.js",0,0,1,0,1,0,0,1,0,1,Y
"/crimepack/iframes/sample9000.js",0,0,1,0,1,0,0,1,0,1,Y
"/crimepack/iframes/sample9001.js",0,0,1,0,1,0,0,1,0,1,Y
"/crimepack/iframes/sample9002.js",0,0,1,0,1,0,0,1,0,1,Y
"/crimepack/iframes/sample9003.js",0,0,1,0,1,0,0,1,0,1,Y
"/crimepack/iframes/sample9004.js",0,0,1,0,1,0,0,1,0,1,Y
"/crimepack/iframes/sample9005.js",0,0,1,0,1,0,0,1,0,1,Y
"/crimepack/iframes/sample9006.js",0,0,1,0,1,0,0,1,0,1,Y
"/crimepack/iframes/sample9007.js",0,0,1,0,1,0,0,1,0,1,Y
"/crimepack/iframes/sample9008.js",0,0,1,0,1,0,0,1,0,1,Y
"/crimepack/iframes/sample9009.js",0,0,1,0,1,0,0,1,0,1,Y
"/crimepack/iframes/sample901.js",0,0,1,0,1,0,0,1,0,1,Y
"/crimepack/iframes/sample9010.js",0,0,1,0,1,0,0,1,0,1,Y
"/crimepack/iframes/sample9011.js",0,0,1,0,1,0,0,1,0,1,Y
"/crimepack/iframes/sample9012.js",0,0,1,0,1,0,0,1,0,1,Y
"/crimepack/iframes/sample9013.js",0,0,1,0,1,0,0,1,0,1,Y
"/crimepack/iframes/sample9014.js",0,0,1,0,1,0,0,1,0,1,Y
"/crimepack/iframes/sample9015.js",0,0,1,0,1,0,0,1,0,1,Y
"/crimepack/iframes/sample9016.js",0,0,1,0,1,0,0,1,0,1,Y
"/crimepack/iframes/sample9017.js",0,0,1,0,1,0,0,1,0,1,Y
"/crimepack/iframes/sample9018.js",0,0,1,0,1,0,0,1,0,1,Y
"/crimepack/iframes/sample9019.js",0,0,1,0,1,0,0,1,0,1,Y
"/crimepack/iframes/sample902.js",0,0,1,0,1,0,0,1,0,1,Y
"/crimepack/iframes/sample9020.js",0,0,1,0,1,0,0,1,0,1,Y
"/crimepack/iframes/sample9021.js",0,0,1,0,1,0,0,1,0,1,Y
"/crimepack/iframes/sample9022.js",0,0,1,0,1,0,0,1,0,1,Y
"/crimepack/iframes/sample9023.js",0,0,1,0,1,0,0,1,0,1,Y
"/crimepack/iframes/sample9024.js",0,0,1,0,1,0,0,1,0,1,Y
"/crimepack/iframes/sample9025.js",0,0,1,0,1,0,0,1,0,1,Y
"/crimepack/iframes/sample9026.js",0,0,1,0,1,0,0,1,0,1,Y
"/crimepack/iframes/sample9027.js",0,0,1,0,1,0,0,1,0,1,Y
"/crimepack/iframes/sample9028.js",0,0,1,0,1,0,0,1,0,1,Y
"/crimepack/iframes/sample9029.js",0,0,1,0,1,0,0,1,0,1,Y
"/crimepack/iframes/sample903.js",0,0,1,0,1,0,0,1,0,1,Y
"/crimepack/iframes/sample9030.js",0,0,1,0,1,0,0,1,0,1,Y
"/crimepack/iframes/sample9031.js",0,0,1,0,1,0,0,1,0,1,Y
"/crimepack/iframes/sample9032.js",0,0,1,0,1,0,0,1,0,1,Y
"/crimepack/iframes/sample9033.js",0,0,1,0,1,0,0,1,0,1,Y
"/crimepack/iframes/sample9034.js",0,0,1,0,1,0,0,1,0,1,Y
"/crimepack/iframes/sample9035.js",0,0,1,0,1,0,0,1,0,1,Y
"/crimepack/iframes/sample9036.js",0,0,1,0,1,0,0,1,0,1,Y
"/crimepack/iframes/sample9037.js",0,0,1,0,1,0,0,1,0,1,Y
"/crimepack/iframes/sample9038.js",0,0,1,0,1,0,0,1,0,1,Y
"/crimepack/iframes/sample9039.js",0,0,1,0,1,0,0,1,0,1,Y
"/crimepack/iframes/sample904.js",0,0,1,0,1,0,0,1,0,1,Y
"/crimepack/iframes/sample9040.js",0,0,1,0,1,0,0,1,0,1,Y
"/crimepack/iframes/sample9041.js",0,0,1,0,1,0,0,1,0,1,Y
"/crimepack/iframes/sample9042.js",0,0,1,0,1,0,0,1,0,1,Y
"/crimepack/iframes/sample9043.js",0,0,1,0,1,0,0,1,0,1,Y
"/crimepack/iframes/sample9044.js",0,0,1,0,1,0,0,1,0,1,Y
"/crimepack/iframes/sample9045.js",0,0,1,0,1,0,0,1,0,1,Y
"/crimepack/iframes/sample9046.js",0,0,1,0,1,0,0,1,0,1,Y
"/crimepack/iframes/sample9047.js",0,0,1,0,1,0,0,1,0,1,Y
"/crimepack/iframes/sample9048.js",0,0,1,0,1,0,0,1,0,1,Y
"/crimepack/iframes/sample9049.js",0,0,1,0,1,0,0,1,0,1,Y
"/crimepack/iframes/sample905.js",0,0,1,0,1,0,0,1,0,1,Y
"/crimepack/iframes/sample9050.js",0,0,1,0,1,0,0,1,0,1,Y
"/crimepack/iframes/sample9051.js",0,0,1,0,1,0,0,1,0,1,Y
"/crimepack/iframes/sample9052.js",0,0,1,0,1,0,0,1,0,1,Y
"/crimepack/iframes/sample9053.js",0,0,1,0,1,0,0,1,0,1,Y
"/crimepack/iframes/sample9054.js",0,0,1,0,1,0,0,1,0,1,Y
"/crimepack/iframes/sample9055.js",0,0,1,0,1,0,0,1,0,1,Y
"/crimepack/iframes/sample9056.js",0,0,1,0,1,0,0,1,0,1,Y
"/crimepack/iframes/sample9057.js",0,0,1,0,1,0,0,1,0,1,Y
"/crimepack/iframes/sample9058.js",0,0,1,0,1,0,0,1,0,1,Y
"/crimepack/iframes/sample9059.js",0,0,1,0,1,0,0,1,0,1,Y
"/crimepack/iframes/sample906.js",0,0,1,0,1,0,0,1,0,1,Y
"/crimepack/iframes/sample9060.js",0,0,1,0,1,0,0,1,0,1,Y
"/crimepack/iframes/sample9061.js",0,0,1,0,1,0,0,1,0,1,Y
"/crimepack/iframes/sample9062.js",0,0,1,0,1,0,0,1,0,1,Y
"/crimepack/iframes/sample9063.js",0,0,1,0,1,0,0,1,0,1,Y
"/crimepack/iframes/sample9064.js",0,0,1,0,1,0,0,1,0,1,Y
"/crimepack/iframes/sample9065.js",0,0,1,0,1,0,0,1,0,1,Y
"/crimepack/iframes/sample9066.js",0,0,1,0,1,0,0,1,0,1,Y
"/crimepack/iframes/sample9067.js",0,0,1,0,1,0,0,1,0,1,Y
"/crimepack/iframes/sample9068.js",0,0,1,0,1,0,0,1,0,1,Y
"/crimepack/iframes/sample9069.js",0,0,1,0,1,0,0,1,0,1,Y
"/crimepack/iframes/sample907.js",0,0,1,0,1,0,0,1,0,1,Y
"/crimepack/iframes/sample9070.js",0,0,1,0,1,0,0,1,0,1,Y
"/crimepack/iframes/sample9071.js",0,0,1,0,1,0,0,1,0,1,Y
"/crimepack/iframes/sample9072.js",0,0,1,0,1,0,0,1,0,1,Y
"/crimepack/iframes/sample9073.js",0,0,1,0,1,0,0,1,0,1,Y
"/crimepack/iframes/sample9074.js",0,0,1,0,1,0,0,1,0,1,Y
"/crimepack/iframes/sample9075.js",0,0,1,0,1,0,0,1,0,1,Y
"/crimepack/iframes/sample9076.js",0,0,1,0,1,0,0,1,0,1,Y
"/crimepack/iframes/sample9077.js",0,0,1,0,1,0,0,1,0,1,Y
"/crimepack/iframes/sample9078.js",0,0,1,0,1,0,0,1,0,1,Y
"/crimepack/iframes/sample9079.js",0,0,1,0,1,0,0,1,0,1,Y
"/crimepack/iframes/sample908.js",0,0,1,0,1,0,0,1,0,1,Y
"/crimepack/iframes/sample9080.js",0,0,1,0,1,0,0,1,0,1,Y
"/crimepack/iframes/sample9081.js",0,0,1,0,1,0,0,1,0,1,Y
"/crimepack/iframes/sample9082.js",0,0,1,0,1,0,0,1,0,1,Y
"/crimepack/iframes/sample9083.js",0,0,1,0,1,0,0,1,0,1,Y
"/crimepack/iframes/sample9084.js",0,0,1,0,1,0,0,1,0,1,Y
"/crimepack/iframes/sample9085.js",0,0,1,0,1,0,0,1,0,1,Y
"/crimepack/iframes/sample9086.js",0,0,1,0,1,0,0,1,0,1,Y
"/crimepack/iframes/sample9087.js",0,0,1,0,1,0,0,1,0,1,Y
"/crimepack/iframes/sample9088.js",0,0,1,0,1,0,0,1,0,1,Y
"/crimepack/iframes/sample9089.js",0,0,1,0,1,0,0,1,0,1,Y
"/crimepack/iframes/sample909.js",0,0,1,0,1,0,0,1,0,1,Y
"/crimepack/iframes/sample9090.js",0,0,1,0,1,0,0,1,0,1,Y
"/crimepack/iframes/sample9091.js",0,0,1,0,1,0,0,1,0,1,Y
"/crimepack/iframes/sample9092.js",0,0,1,0,1,0,0,1,0,1,Y
"/crimepack/iframes/sample9093.js",0,0,1,0,1,0,0,1,0,1,Y
"/crimepack/iframes/sample9094.js",0,0,1,0,1,0,0,1,0,1,Y
"/crimepack/iframes/sample9095.js",0,0,1,0,1,0,0,1,0,1,Y
"/crimepack/iframes/sample9096.js",0,0,1,0,1,0,0,1,0,1,Y
"/crimepack/iframes/sample9097.js",0,0,1,0,1,0,0,1,0,1,Y
"/crimepack/iframes/sample9098.js",0,0,1,0,1,0,0,1,0,1,Y
"/crimepack/iframes/sample9099.js",0,0,1,0,1,0,0,1,0,1,Y
"/crimepack/iframes/sample91.js",0,0,1,0,1,0,0,1,0,1,Y
"/crimepack/iframes/sample910.js",0,0,1,0,1,0,0,1,0,1,Y
"/crimepack/iframes/sample9100.js",0,0,1,0,1,0,0,1,0,1,Y
"/crimepack/iframes/sample9101.js",0,0,1,0,1,0,0,1,0,1,Y
"/crimepack/iframes/sample9102.js",0,0,1,0,1,0,0,1,0,1,Y
"/crimepack/iframes/sample9103.js",0,0,1,0,1,0,0,1,0,1,Y
"/crimepack/iframes/sample9104.js",0,0,1,0,1,0,0,1,0,1,Y
"/crimepack/iframes/sample9105.js",0,0,1,0,1,0,0,1,0,1,Y
"/crimepack/iframes/sample9106.js",0,0,1,0,1,0,0,1,0,1,Y
"/crimepack/iframes/sample9107.js",0,0,1,0,1,0,0,1,0,1,Y
"/crimepack/iframes/sample9108.js",0,0,1,0,1,0,0,1,0,1,Y
"/crimepack/iframes/sample9109.js",0,0,1,0,1,0,0,1,0,1,Y
"/crimepack/iframes/sample911.js",0,0,1,0,1,0,0,1,0,1,Y
"/crimepack/iframes/sample9110.js",0,0,1,0,1,0,0,1,0,1,Y
"/crimepack/iframes/sample9111.js",0,0,1,0,1,0,0,1,0,1,Y
"/crimepack/iframes/sample9112.js",0,0,1,0,1,0,0,1,0,1,Y
"/crimepack/iframes/sample9113.js",0,0,1,0,1,0,0,1,0,1,Y
"/crimepack/iframes/sample9114.js",0,0,1,0,1,0,0,1,0,1,Y
"/crimepack/iframes/sample9115.js",0,0,1,0,1,0,0,1,0,1,Y
"/crimepack/iframes/sample9116.js",0,0,1,0,1,0,0,1,0,1,Y
"/crimepack/iframes/sample9117.js",0,0,1,0,1,0,0,1,0,1,Y
"/crimepack/iframes/sample9118.js",0,0,1,0,1,0,0,1,0,1,Y
"/crimepack/iframes/sample9119.js",0,0,1,0,1,0,0,1,0,1,Y
"/crimepack/iframes/sample912.js",0,0,1,0,1,0,0,1,0,1,Y
"/crimepack/iframes/sample9120.js",0,0,1,0,1,0,0,1,0,1,Y
"/crimepack/iframes/sample9121.js",0,0,1,0,1,0,0,1,0,1,Y
"/crimepack/iframes/sample9122.js",0,0,1,0,1,0,0,1,0,1,Y
"/crimepack/iframes/sample9123.js",0,0,1,0,1,0,0,1,0,1,Y
"/crimepack/iframes/sample9124.js",0,0,1,0,1,0,0,1,0,1,Y
"/crimepack/iframes/sample9125.js",0,0,1,0,1,0,0,1,0,1,Y
"/crimepack/iframes/sample9126.js",0,0,1,0,1,0,0,1,0,1,Y
"/crimepack/iframes/sample9127.js",0,0,1,0,1,0,0,1,0,1,Y
"/crimepack/iframes/sample9128.js",0,0,1,0,1,0,0,1,0,1,Y
"/crimepack/iframes/sample9129.js",0,0,1,0,1,0,0,1,0,1,Y
"/crimepack/iframes/sample913.js",0,0,1,0,1,0,0,1,0,1,Y
"/crimepack/iframes/sample9130.js",0,0,1,0,1,0,0,1,0,1,Y
"/crimepack/iframes/sample9131.js",0,0,1,0,1,0,0,1,0,1,Y
"/crimepack/iframes/sample9132.js",0,0,1,0,1,0,0,1,0,1,Y
"/crimepack/iframes/sample9133.js",0,0,1,0,1,0,0,1,0,1,Y
"/crimepack/iframes/sample9134.js",0,0,1,0,1,0,0,1,0,1,Y
"/crimepack/iframes/sample9135.js",0,0,1,0,1,0,0,1,0,1,Y
"/crimepack/iframes/sample9136.js",0,0,1,0,1,0,0,1,0,1,Y
"/crimepack/iframes/sample9137.js",0,0,1,0,1,0,0,1,0,1,Y
"/crimepack/iframes/sample9138.js",0,0,1,0,1,0,0,1,0,1,Y
"/crimepack/iframes/sample9139.js",0,0,1,0,1,0,0,1,0,1,Y
"/crimepack/iframes/sample914.js",0,0,1,0,1,0,0,1,0,1,Y
"/crimepack/iframes/sample9140.js",0,0,1,0,1,0,0,1,0,1,Y
"/crimepack/iframes/sample9141.js",0,0,1,0,1,0,0,1,0,1,Y
"/crimepack/iframes/sample9142.js",0,0,1,0,1,0,0,1,0,1,Y
"/crimepack/iframes/sample9143.js",0,0,1,0,1,0,0,1,0,1,Y
"/crimepack/iframes/sample9144.js",0,0,1,0,1,0,0,1,0,1,Y
"/crimepack/iframes/sample9145.js",0,0,1,0,1,0,0,1,0,1,Y
"/crimepack/iframes/sample9146.js",0,0,1,0,1,0,0,1,0,1,Y
"/crimepack/iframes/sample9147.js",0,0,1,0,1,0,0,1,0,1,Y
"/crimepack/iframes/sample9148.js",0,0,1,0,1,0,0,1,0,1,Y
"/crimepack/iframes/sample9149.js",0,0,1,0,1,0,0,1,0,1,Y
"/crimepack/iframes/sample915.js",0,0,1,0,1,0,0,1,0,1,Y
"/crimepack/iframes/sample9150.js",0,0,1,0,1,0,0,1,0,1,Y
"/crimepack/iframes/sample9151.js",0,0,1,0,1,0,0,1,0,1,Y
"/crimepack/iframes/sample9152.js",0,0,1,0,1,0,0,1,0,1,Y
"/crimepack/iframes/sample9153.js",0,0,1,0,1,0,0,1,0,1,Y
"/crimepack/iframes/sample9154.js",0,0,1,0,1,0,0,1,0,1,Y
"/crimepack/iframes/sample9155.js",0,0,1,0,1,0,0,1,0,1,Y
"/crimepack/iframes/sample9156.js",0,0,1,0,1,0,0,1,0,1,Y
"/crimepack/iframes/sample9157.js",0,0,1,0,1,0,0,1,0,1,Y
"/crimepack/iframes/sample9158.js",0,0,1,0,1,0,0,1,0,1,Y
"/crimepack/iframes/sample9159.js",0,0,1,0,1,0,0,1,0,1,Y
"/crimepack/iframes/sample916.js",0,0,1,0,1,0,0,1,0,1,Y
"/crimepack/iframes/sample9160.js",0,0,1,0,1,0,0,1,0,1,Y
"/crimepack/iframes/sample9161.js",0,0,1,0,1,0,0,1,0,1,Y
"/crimepack/iframes/sample9162.js",0,0,1,0,1,0,0,1,0,1,Y
"/crimepack/iframes/sample9163.js",0,0,1,0,1,0,0,1,0,1,Y
"/crimepack/iframes/sample9164.js",0,0,1,0,1,0,0,1,0,1,Y
"/crimepack/iframes/sample9165.js",0,0,1,0,1,0,0,1,0,1,Y
"/crimepack/iframes/sample9166.js",0,0,1,0,1,0,0,1,0,1,Y
"/crimepack/iframes/sample9167.js",0,0,1,0,1,0,0,1,0,1,Y
"/crimepack/iframes/sample9168.js",0,0,1,0,1,0,0,1,0,1,Y
"/crimepack/iframes/sample9169.js",0,0,1,0,1,0,0,1,0,1,Y
"/crimepack/iframes/sample917.js",0,0,1,0,1,0,0,1,0,1,Y
"/crimepack/iframes/sample9170.js",0,0,1,0,1,0,0,1,0,1,Y
"/crimepack/iframes/sample9171.js",0,0,1,0,1,0,0,1,0,1,Y
"/crimepack/iframes/sample9172.js",0,0,1,0,1,0,0,1,0,1,Y
"/crimepack/iframes/sample9173.js",0,0,1,0,1,0,0,1,0,1,Y
"/crimepack/iframes/sample9174.js",0,0,1,0,1,0,0,1,0,1,Y
"/crimepack/iframes/sample9175.js",0,0,1,0,1,0,0,1,0,1,Y
"/crimepack/iframes/sample9176.js",0,0,1,0,1,0,0,1,0,1,Y
"/crimepack/iframes/sample9177.js",0,0,1,0,1,0,0,1,0,1,Y
"/crimepack/iframes/sample9178.js",0,0,1,0,1,0,0,1,0,1,Y
"/crimepack/iframes/sample9179.js",0,0,1,0,1,0,0,1,0,1,Y
"/crimepack/iframes/sample918.js",0,0,1,0,1,0,0,1,0,1,Y
"/crimepack/iframes/sample9180.js",0,0,1,0,1,0,0,1,0,1,Y
"/crimepack/iframes/sample9181.js",0,0,1,0,1,0,0,1,0,1,Y
"/crimepack/iframes/sample9182.js",0,0,1,0,1,0,0,1,0,1,Y
"/crimepack/iframes/sample9183.js",0,0,1,0,1,0,0,1,0,1,Y
"/crimepack/iframes/sample9184.js",0,0,1,0,1,0,0,1,0,1,Y
"/crimepack/iframes/sample9185.js",0,0,1,0,1,0,0,1,0,1,Y
"/crimepack/iframes/sample9186.js",0,0,1,0,1,0,0,1,0,1,Y
"/crimepack/iframes/sample9187.js",0,0,1,0,1,0,0,1,0,1,Y
"/crimepack/iframes/sample9188.js",0,0,1,0,1,0,0,1,0,1,Y
"/crimepack/iframes/sample9189.js",0,0,1,0,1,0,0,1,0,1,Y
"/crimepack/iframes/sample919.js",0,0,1,0,1,0,0,1,0,1,Y
"/crimepack/iframes/sample9190.js",0,0,1,0,1,0,0,1,0,1,Y
"/crimepack/iframes/sample9191.js",0,0,1,0,1,0,0,1,0,1,Y
"/crimepack/iframes/sample9192.js",0,0,1,0,1,0,0,1,0,1,Y
"/crimepack/iframes/sample9193.js",0,0,1,0,1,0,0,1,0,1,Y
"/crimepack/iframes/sample9194.js",0,0,1,0,1,0,0,1,0,1,Y
"/crimepack/iframes/sample9195.js",0,0,1,0,1,0,0,1,0,1,Y
"/crimepack/iframes/sample9196.js",0,0,1,0,1,0,0,1,0,1,Y
"/crimepack/iframes/sample9197.js",0,0,1,0,1,0,0,1,0,1,Y
"/crimepack/iframes/sample9198.js",0,0,1,0,1,0,0,1,0,1,Y
"/crimepack/iframes/sample9199.js",0,0,1,0,1,0,0,1,0,1,Y
"/crimepack/iframes/sample92.js",0,0,1,0,1,0,0,1,0,1,Y
"/crimepack/iframes/sample920.js",0,0,1,0,1,0,0,1,0,1,Y
"/crimepack/iframes/sample9200.js",0,0,1,0,1,0,0,1,0,1,Y
"/crimepack/iframes/sample9201.js",0,0,1,0,1,0,0,1,0,1,Y
"/crimepack/iframes/sample9202.js",0,0,1,0,1,0,0,1,0,1,Y
"/crimepack/iframes/sample9203.js",0,0,1,0,1,0,0,1,0,1,Y
"/crimepack/iframes/sample9204.js",0,0,1,0,1,0,0,1,0,1,Y
"/crimepack/iframes/sample9205.js",0,0,1,0,1,0,0,1,0,1,Y
"/crimepack/iframes/sample9206.js",0,0,1,0,1,0,0,1,0,1,Y
"/crimepack/iframes/sample9207.js",0,0,1,0,1,0,0,1,0,1,Y
"/crimepack/iframes/sample9208.js",0,0,1,0,1,0,0,1,0,1,Y
"/crimepack/iframes/sample9209.js",0,0,1,0,1,0,0,1,0,1,Y
"/crimepack/iframes/sample921.js",0,0,1,0,1,0,0,1,0,1,Y
"/crimepack/iframes/sample9210.js",0,0,1,0,1,0,0,1,0,1,Y
"/crimepack/iframes/sample9211.js",0,0,1,0,1,0,0,1,0,1,Y
"/crimepack/iframes/sample9212.js",0,0,1,0,1,0,0,1,0,1,Y
"/crimepack/iframes/sample9213.js",0,0,1,0,1,0,0,1,0,1,Y
"/crimepack/iframes/sample9214.js",0,0,1,0,1,0,0,1,0,1,Y
"/crimepack/iframes/sample9215.js",0,0,1,0,1,0,0,1,0,1,Y
"/crimepack/iframes/sample9216.js",0,0,1,0,1,0,0,1,0,1,Y
"/crimepack/iframes/sample9217.js",0,0,1,0,1,0,0,1,0,1,Y
"/crimepack/iframes/sample9218.js",0,0,1,0,1,0,0,1,0,1,Y
"/crimepack/iframes/sample9219.js",0,0,1,0,1,0,0,1,0,1,Y
"/crimepack/iframes/sample922.js",0,0,1,0,1,0,0,1,0,1,Y
"/crimepack/iframes/sample9220.js",0,0,1,0,1,0,0,1,0,1,Y
"/crimepack/iframes/sample9221.js",0,0,1,0,1,0,0,1,0,1,Y
"/crimepack/iframes/sample9222.js",0,0,1,0,1,0,0,1,0,1,Y
"/crimepack/iframes/sample9223.js",0,0,1,0,1,0,0,1,0,1,Y
"/crimepack/iframes/sample9224.js",0,0,1,0,1,0,0,1,0,1,Y
"/crimepack/iframes/sample9225.js",0,0,1,0,1,0,0,1,0,1,Y
"/crimepack/iframes/sample9226.js",0,0,1,0,1,0,0,1,0,1,Y
"/crimepack/iframes/sample9227.js",0,0,1,0,1,0,0,1,0,1,Y
"/crimepack/iframes/sample9228.js",0,0,1,0,1,0,0,1,0,1,Y
"/crimepack/iframes/sample9229.js",0,0,1,0,1,0,0,1,0,1,Y
"/crimepack/iframes/sample923.js",0,0,1,0,1,0,0,1,0,1,Y
"/crimepack/iframes/sample9230.js",0,0,1,0,1,0,0,1,0,1,Y
"/crimepack/iframes/sample9231.js",0,0,1,0,1,0,0,1,0,1,Y
"/crimepack/iframes/sample9232.js",0,0,1,0,1,0,0,1,0,1,Y
"/crimepack/iframes/sample9233.js",0,0,1,0,1,0,0,1,0,1,Y
"/crimepack/iframes/sample9234.js",0,0,1,0,1,0,0,1,0,1,Y
"/crimepack/iframes/sample9235.js",0,0,1,0,1,0,0,1,0,1,Y
"/crimepack/iframes/sample9236.js",0,0,1,0,1,0,0,1,0,1,Y
"/crimepack/iframes/sample9237.js",0,0,1,0,1,0,0,1,0,1,Y
"/crimepack/iframes/sample9238.js",0,0,1,0,1,0,0,1,0,1,Y
"/crimepack/iframes/sample9239.js",0,0,1,0,1,0,0,1,0,1,Y
"/crimepack/iframes/sample924.js",0,0,1,0,1,0,0,1,0,1,Y
"/crimepack/iframes/sample9240.js",0,0,1,0,1,0,0,1,0,1,Y
"/crimepack/iframes/sample9241.js",0,0,1,0,1,0,0,1,0,1,Y
"/crimepack/iframes/sample9242.js",0,0,1,0,1,0,0,1,0,1,Y
"/crimepack/iframes/sample9243.js",0,0,1,0,1,0,0,1,0,1,Y
"/crimepack/iframes/sample9244.js",0,0,1,0,1,0,0,1,0,1,Y
"/crimepack/iframes/sample9245.js",0,0,1,0,1,0,0,1,0,1,Y
"/crimepack/iframes/sample9246.js",0,0,1,0,1,0,0,1,0,1,Y
"/crimepack/iframes/sample9247.js",0,0,1,0,1,0,0,1,0,1,Y
"/crimepack/iframes/sample9248.js",0,0,1,0,1,0,0,1,0,1,Y
"/crimepack/iframes/sample9249.js",0,0,1,0,1,0,0,1,0,1,Y
"/crimepack/iframes/sample925.js",0,0,1,0,1,0,0,1,0,1,Y
"/crimepack/iframes/sample9250.js",0,0,1,0,1,0,0,1,0,1,Y
"/crimepack/iframes/sample9251.js",0,0,1,0,1,0,0,1,0,1,Y
"/crimepack/iframes/sample9252.js",0,0,1,0,1,0,0,1,0,1,Y
"/crimepack/iframes/sample9253.js",0,0,1,0,1,0,0,1,0,1,Y
"/crimepack/iframes/sample9254.js",0,0,1,0,1,0,0,1,0,1,Y
"/crimepack/iframes/sample9255.js",0,0,1,0,1,0,0,1,0,1,Y
"/crimepack/iframes/sample9256.js",0,0,1,0,1,0,0,1,0,1,Y
"/crimepack/iframes/sample9257.js",0,0,1,0,1,0,0,1,0,1,Y
"/crimepack/iframes/sample9258.js",0,0,1,0,1,0,0,1,0,1,Y
"/crimepack/iframes/sample9259.js",0,0,1,0,1,0,0,1,0,1,Y
"/crimepack/iframes/sample926.js",0,0,1,0,1,0,0,1,0,1,Y
"/crimepack/iframes/sample9260.js",0,0,1,0,1,0,0,1,0,1,Y
"/crimepack/iframes/sample9261.js",0,0,1,0,1,0,0,1,0,1,Y
"/crimepack/iframes/sample9262.js",0,0,1,0,1,0,0,1,0,1,Y
"/crimepack/iframes/sample9263.js",0,0,1,0,1,0,0,1,0,1,Y
"/crimepack/iframes/sample9264.js",0,0,1,0,1,0,0,1,0,1,Y
"/crimepack/iframes/sample9265.js",0,0,1,0,1,0,0,1,0,1,Y
"/crimepack/iframes/sample9266.js",0,0,1,0,1,0,0,1,0,1,Y
"/crimepack/iframes/sample9267.js",0,0,1,0,1,0,0,1,0,1,Y
"/crimepack/iframes/sample9268.js",0,0,1,0,1,0,0,1,0,1,Y
"/crimepack/iframes/sample9269.js",0,0,1,0,1,0,0,1,0,1,Y
"/crimepack/iframes/sample927.js",0,0,1,0,1,0,0,1,0,1,Y
"/crimepack/iframes/sample9270.js",0,0,1,0,1,0,0,1,0,1,Y
"/crimepack/iframes/sample9271.js",0,0,1,0,1,0,0,1,0,1,Y
"/crimepack/iframes/sample9272.js",0,0,1,0,1,0,0,1,0,1,Y
"/crimepack/iframes/sample9273.js",0,0,1,0,1,0,0,1,0,1,Y
"/crimepack/iframes/sample9274.js",0,0,1,0,1,0,0,1,0,1,Y
"/crimepack/iframes/sample9275.js",0,0,1,0,1,0,0,1,0,1,Y
"/crimepack/iframes/sample9276.js",0,0,1,0,1,0,0,1,0,1,Y
"/crimepack/iframes/sample9277.js",0,0,1,0,1,0,0,1,0,1,Y
"/crimepack/iframes/sample9278.js",0,0,1,0,1,0,0,1,0,1,Y
"/crimepack/iframes/sample9279.js",0,0,1,0,1,0,0,1,0,1,Y
"/crimepack/iframes/sample928.js",0,0,1,0,1,0,0,1,0,1,Y
"/crimepack/iframes/sample9280.js",0,0,1,0,1,0,0,1,0,1,Y
"/crimepack/iframes/sample9281.js",0,0,1,0,1,0,0,1,0,1,Y
"/crimepack/iframes/sample9282.js",0,0,1,0,1,0,0,1,0,1,Y
"/crimepack/iframes/sample9283.js",0,0,1,0,1,0,0,1,0,1,Y
"/crimepack/iframes/sample9284.js",0,0,1,0,1,0,0,1,0,1,Y
"/crimepack/iframes/sample9285.js",0,0,1,0,1,0,0,1,0,1,Y
"/crimepack/iframes/sample9286.js",0,0,1,0,1,0,0,1,0,1,Y
"/crimepack/iframes/sample9287.js",0,0,1,0,1,0,0,1,0,1,Y
"/crimepack/iframes/sample9288.js",0,0,1,0,1,0,0,1,0,1,Y
"/crimepack/iframes/sample9289.js",0,0,1,0,1,0,0,1,0,1,Y
"/crimepack/iframes/sample929.js",0,0,1,0,1,0,0,1,0,1,Y
"/crimepack/iframes/sample9290.js",0,0,1,0,1,0,0,1,0,1,Y
"/crimepack/iframes/sample9291.js",0,0,1,0,1,0,0,1,0,1,Y
"/crimepack/iframes/sample9292.js",0,0,1,0,1,0,0,1,0,1,Y
"/crimepack/iframes/sample9293.js",0,0,1,0,1,0,0,1,0,1,Y
"/crimepack/iframes/sample9294.js",0,0,1,0,1,0,0,1,0,1,Y
"/crimepack/iframes/sample9295.js",0,0,1,0,1,0,0,1,0,1,Y
"/crimepack/iframes/sample9296.js",0,0,1,0,1,0,0,1,0,1,Y
"/crimepack/iframes/sample9297.js",0,0,1,0,1,0,0,1,0,1,Y
"/crimepack/iframes/sample9298.js",0,0,1,0,1,0,0,1,0,1,Y
"/crimepack/iframes/sample9299.js",0,0,1,0,1,0,0,1,0,1,Y
"/crimepack/iframes/sample93.js",0,0,1,0,1,0,0,1,0,1,Y
"/crimepack/iframes/sample930.js",0,0,1,0,1,0,0,1,0,1,Y
"/crimepack/iframes/sample9300.js",0,0,1,0,1,0,0,1,0,1,Y
"/crimepack/iframes/sample9301.js",0,0,1,0,1,0,0,1,0,1,Y
"/crimepack/iframes/sample9302.js",0,0,1,0,1,0,0,1,0,1,Y
"/crimepack/iframes/sample9303.js",0,0,1,0,1,0,0,1,0,1,Y
"/crimepack/iframes/sample9304.js",0,0,1,0,1,0,0,1,0,1,Y
"/crimepack/iframes/sample9305.js",0,0,1,0,1,0,0,1,0,1,Y
"/crimepack/iframes/sample9306.js",0,0,1,0,1,0,0,1,0,1,Y
"/crimepack/iframes/sample9307.js",0,0,1,0,1,0,0,1,0,1,Y
"/crimepack/iframes/sample9308.js",0,0,1,0,1,0,0,1,0,1,Y
"/crimepack/iframes/sample9309.js",0,0,1,0,1,0,0,1,0,1,Y
"/crimepack/iframes/sample931.js",0,0,1,0,1,0,0,1,0,1,Y
"/crimepack/iframes/sample9310.js",0,0,1,0,1,0,0,1,0,1,Y
"/crimepack/iframes/sample9311.js",0,0,1,0,1,0,0,1,0,1,Y
"/crimepack/iframes/sample9312.js",0,0,1,0,1,0,0,1,0,1,Y
"/crimepack/iframes/sample9313.js",0,0,1,0,1,0,0,1,0,1,Y
"/crimepack/iframes/sample9314.js",0,0,1,0,1,0,0,1,0,1,Y
"/crimepack/iframes/sample9315.js",0,0,1,0,1,0,0,1,0,1,Y
"/crimepack/iframes/sample9316.js",0,0,1,0,1,0,0,1,0,1,Y
"/crimepack/iframes/sample9317.js",0,0,1,0,1,0,0,1,0,1,Y
"/crimepack/iframes/sample9318.js",0,0,1,0,1,0,0,1,0,1,Y
"/crimepack/iframes/sample9319.js",0,0,1,0,1,0,0,1,0,1,Y
"/crimepack/iframes/sample932.js",0,0,1,0,1,0,0,1,0,1,Y
"/crimepack/iframes/sample9320.js",0,0,1,0,1,0,0,1,0,1,Y
"/crimepack/iframes/sample9321.js",0,0,1,0,1,0,0,1,0,1,Y
"/crimepack/iframes/sample9322.js",0,0,1,0,1,0,0,1,0,1,Y
"/crimepack/iframes/sample9323.js",0,0,1,0,1,0,0,1,0,1,Y
"/crimepack/iframes/sample9324.js",0,0,1,0,1,0,0,1,0,1,Y
"/crimepack/iframes/sample9325.js",0,0,1,0,1,0,0,1,0,1,Y
"/crimepack/iframes/sample9326.js",0,0,1,0,1,0,0,1,0,1,Y
"/crimepack/iframes/sample9327.js",0,0,1,0,1,0,0,1,0,1,Y
"/crimepack/iframes/sample9328.js",0,0,1,0,1,0,0,1,0,1,Y
"/crimepack/iframes/sample9329.js",0,0,1,0,1,0,0,1,0,1,Y
"/crimepack/iframes/sample933.js",0,0,1,0,1,0,0,1,0,1,Y
"/crimepack/iframes/sample9330.js",0,0,1,0,1,0,0,1,0,1,Y
"/crimepack/iframes/sample9331.js",0,0,1,0,1,0,0,1,0,1,Y
"/crimepack/iframes/sample9332.js",0,0,1,0,1,0,0,1,0,1,Y
"/crimepack/iframes/sample9333.js",0,0,1,0,1,0,0,1,0,1,Y
"/crimepack/iframes/sample9334.js",0,0,1,0,1,0,0,1,0,1,Y
"/crimepack/iframes/sample9335.js",0,0,1,0,1,0,0,1,0,1,Y
"/crimepack/iframes/sample9336.js",0,0,1,0,1,0,0,1,0,1,Y
"/crimepack/iframes/sample9337.js",0,0,1,0,1,0,0,1,0,1,Y
"/crimepack/iframes/sample9338.js",0,0,1,0,1,0,0,1,0,1,Y
"/crimepack/iframes/sample9339.js",0,0,1,0,1,0,0,1,0,1,Y
"/crimepack/iframes/sample934.js",0,0,1,0,1,0,0,1,0,1,Y
"/crimepack/iframes/sample9340.js",0,0,1,0,1,0,0,1,0,1,Y
"/crimepack/iframes/sample9341.js",0,0,1,0,1,0,0,1,0,1,Y
"/crimepack/iframes/sample9342.js",0,0,1,0,1,0,0,1,0,1,Y
"/crimepack/iframes/sample9343.js",0,0,1,0,1,0,0,1,0,1,Y
"/crimepack/iframes/sample9344.js",0,0,1,0,1,0,0,1,0,1,Y
"/crimepack/iframes/sample9345.js",0,0,1,0,1,0,0,1,0,1,Y
"/crimepack/iframes/sample9346.js",0,0,1,0,1,0,0,1,0,1,Y
"/crimepack/iframes/sample9347.js",0,0,1,0,1,0,0,1,0,1,Y
"/crimepack/iframes/sample9348.js",0,0,1,0,1,0,0,1,0,1,Y
"/crimepack/iframes/sample9349.js",0,0,1,0,1,0,0,1,0,1,Y
"/crimepack/iframes/sample935.js",0,0,1,0,1,0,0,1,0,1,Y
"/crimepack/iframes/sample9350.js",0,0,1,0,1,0,0,1,0,1,Y
"/crimepack/iframes/sample9351.js",0,0,1,0,1,0,0,1,0,1,Y
"/crimepack/iframes/sample9352.js",0,0,1,0,1,0,0,1,0,1,Y
"/crimepack/iframes/sample9353.js",0,0,1,0,1,0,0,1,0,1,Y
"/crimepack/iframes/sample9354.js",0,0,1,0,1,0,0,1,0,1,Y
"/crimepack/iframes/sample9355.js",0,0,1,0,1,0,0,1,0,1,Y
"/crimepack/iframes/sample9356.js",0,0,1,0,1,0,0,1,0,1,Y
"/crimepack/iframes/sample9357.js",0,0,1,0,1,0,0,1,0,1,Y
"/crimepack/iframes/sample9358.js",0,0,1,0,1,0,0,1,0,1,Y
"/crimepack/iframes/sample9359.js",0,0,1,0,1,0,0,1,0,1,Y
"/crimepack/iframes/sample936.js",0,0,1,0,1,0,0,1,0,1,Y
"/crimepack/iframes/sample9360.js",0,0,1,0,1,0,0,1,0,1,Y
"/crimepack/iframes/sample9361.js",0,0,1,0,1,0,0,1,0,1,Y
"/crimepack/iframes/sample9362.js",0,0,1,0,1,0,0,1,0,1,Y
"/crimepack/iframes/sample9363.js",0,0,1,0,1,0,0,1,0,1,Y
"/crimepack/iframes/sample9364.js",0,0,1,0,1,0,0,1,0,1,Y
"/crimepack/iframes/sample9365.js",0,0,1,0,1,0,0,1,0,1,Y
"/crimepack/iframes/sample9366.js",0,0,1,0,1,0,0,1,0,1,Y
"/crimepack/iframes/sample9367.js",0,0,1,0,1,0,0,1,0,1,Y
"/crimepack/iframes/sample9368.js",0,0,1,0,1,0,0,1,0,1,Y
"/crimepack/iframes/sample9369.js",0,0,1,0,1,0,0,1,0,1,Y
"/crimepack/iframes/sample937.js",0,0,1,0,1,0,0,1,0,1,Y
"/crimepack/iframes/sample9370.js",0,0,1,0,1,0,0,1,0,1,Y
"/crimepack/iframes/sample9371.js",0,0,1,0,1,0,0,1,0,1,Y
"/crimepack/iframes/sample9372.js",0,0,1,0,1,0,0,1,0,1,Y
"/crimepack/iframes/sample9373.js",0,0,1,0,1,0,0,1,0,1,Y
"/crimepack/iframes/sample9374.js",0,0,1,0,1,0,0,1,0,1,Y
"/crimepack/iframes/sample9375.js",0,0,1,0,1,0,0,1,0,1,Y
"/crimepack/iframes/sample9376.js",0,0,1,0,1,0,0,1,0,1,Y
"/crimepack/iframes/sample9377.js",0,0,1,0,1,0,0,1,0,1,Y
"/crimepack/iframes/sample9378.js",0,0,1,0,1,0,0,1,0,1,Y
"/crimepack/iframes/sample9379.js",0,0,1,0,1,0,0,1,0,1,Y
"/crimepack/iframes/sample938.js",0,0,1,0,1,0,0,1,0,1,Y
"/crimepack/iframes/sample9380.js",0,0,1,0,1,0,0,1,0,1,Y
"/crimepack/iframes/sample9381.js",0,0,1,0,1,0,0,1,0,1,Y
"/crimepack/iframes/sample9382.js",0,0,1,0,1,0,0,1,0,1,Y
"/crimepack/iframes/sample9383.js",0,0,1,0,1,0,0,1,0,1,Y
"/crimepack/iframes/sample9384.js",0,0,1,0,1,0,0,1,0,1,Y
"/crimepack/iframes/sample9385.js",0,0,1,0,1,0,0,1,0,1,Y
"/crimepack/iframes/sample9386.js",0,0,1,0,1,0,0,1,0,1,Y
"/crimepack/iframes/sample9387.js",0,0,1,0,1,0,0,1,0,1,Y
"/crimepack/iframes/sample9388.js",0,0,1,0,1,0,0,1,0,1,Y
"/crimepack/iframes/sample9389.js",0,0,1,0,1,0,0,1,0,1,Y
"/crimepack/iframes/sample939.js",0,0,1,0,1,0,0,1,0,1,Y
"/crimepack/iframes/sample9390.js",0,0,1,0,1,0,0,1,0,1,Y
"/crimepack/iframes/sample9391.js",0,0,1,0,1,0,0,1,0,1,Y
"/crimepack/iframes/sample9392.js",0,0,1,0,1,0,0,1,0,1,Y
"/crimepack/iframes/sample9393.js",0,0,1,0,1,0,0,1,0,1,Y
"/crimepack/iframes/sample9394.js",0,0,1,0,1,0,0,1,0,1,Y
"/crimepack/iframes/sample9395.js",0,0,1,0,1,0,0,1,0,1,Y
"/crimepack/iframes/sample9396.js",0,0,1,0,1,0,0,1,0,1,Y
"/crimepack/iframes/sample9397.js",0,0,1,0,1,0,0,1,0,1,Y
"/crimepack/iframes/sample9398.js",0,0,1,0,1,0,0,1,0,1,Y
"/crimepack/iframes/sample9399.js",0,0,1,0,1,0,0,1,0,1,Y
"/crimepack/iframes/sample94.js",0,0,1,0,1,0,0,1,0,1,Y
"/crimepack/iframes/sample940.js",0,0,1,0,1,0,0,1,0,1,Y
"/crimepack/iframes/sample9400.js",0,0,1,0,1,0,0,1,0,1,Y
"/crimepack/iframes/sample9401.js",0,0,1,0,1,0,0,1,0,1,Y
"/crimepack/iframes/sample9402.js",0,0,1,0,1,0,0,1,0,1,Y
"/crimepack/iframes/sample9403.js",0,0,1,0,1,0,0,1,0,1,Y
"/crimepack/iframes/sample9404.js",0,0,1,0,1,0,0,1,0,1,Y
"/crimepack/iframes/sample9405.js",0,0,1,0,1,0,0,1,0,1,Y
"/crimepack/iframes/sample9406.js",0,0,1,0,1,0,0,1,0,1,Y
"/crimepack/iframes/sample9407.js",0,0,1,0,1,0,0,1,0,1,Y
"/crimepack/iframes/sample9408.js",0,0,1,0,1,0,0,1,0,1,Y
"/crimepack/iframes/sample9409.js",0,0,1,0,1,0,0,1,0,1,Y
"/crimepack/iframes/sample941.js",0,0,1,0,1,0,0,1,0,1,Y
"/crimepack/iframes/sample9410.js",0,0,1,0,1,0,0,1,0,1,Y
"/crimepack/iframes/sample9411.js",0,0,1,0,1,0,0,1,0,1,Y
"/crimepack/iframes/sample9412.js",0,0,1,0,1,0,0,1,0,1,Y
"/crimepack/iframes/sample9413.js",0,0,1,0,1,0,0,1,0,1,Y
"/crimepack/iframes/sample9414.js",0,0,1,0,1,0,0,1,0,1,Y
"/crimepack/iframes/sample9415.js",0,0,1,0,1,0,0,1,0,1,Y
"/crimepack/iframes/sample9416.js",0,0,1,0,1,0,0,1,0,1,Y
"/crimepack/iframes/sample9417.js",0,0,1,0,1,0,0,1,0,1,Y
"/crimepack/iframes/sample9418.js",0,0,1,0,1,0,0,1,0,1,Y
"/crimepack/iframes/sample9419.js",0,0,1,0,1,0,0,1,0,1,Y
"/crimepack/iframes/sample942.js",0,0,1,0,1,0,0,1,0,1,Y
"/crimepack/iframes/sample9420.js",0,0,1,0,1,0,0,1,0,1,Y
"/crimepack/iframes/sample9421.js",0,0,1,0,1,0,0,1,0,1,Y
"/crimepack/iframes/sample9422.js",0,0,1,0,1,0,0,1,0,1,Y
"/crimepack/iframes/sample9423.js",0,0,1,0,1,0,0,1,0,1,Y
"/crimepack/iframes/sample9424.js",0,0,1,0,1,0,0,1,0,1,Y
"/crimepack/iframes/sample9425.js",0,0,1,0,1,0,0,1,0,1,Y
"/crimepack/iframes/sample9426.js",0,0,1,0,1,0,0,1,0,1,Y
"/crimepack/iframes/sample9427.js",0,0,1,0,1,0,0,1,0,1,Y
"/crimepack/iframes/sample9428.js",0,0,1,0,1,0,0,1,0,1,Y
"/crimepack/iframes/sample9429.js",0,0,1,0,1,0,0,1,0,1,Y
"/crimepack/iframes/sample943.js",0,0,1,0,1,0,0,1,0,1,Y
"/crimepack/iframes/sample9430.js",0,0,1,0,1,0,0,1,0,1,Y
"/crimepack/iframes/sample9431.js",0,0,1,0,1,0,0,1,0,1,Y
"/crimepack/iframes/sample9432.js",0,0,1,0,1,0,0,1,0,1,Y
"/crimepack/iframes/sample9433.js",0,0,1,0,1,0,0,1,0,1,Y
"/crimepack/iframes/sample9434.js",0,0,1,0,1,0,0,1,0,1,Y
"/crimepack/iframes/sample9435.js",0,0,1,0,1,0,0,1,0,1,Y
"/crimepack/iframes/sample9436.js",0,0,1,0,1,0,0,1,0,1,Y
"/crimepack/iframes/sample9437.js",0,0,1,0,1,0,0,1,0,1,Y
"/crimepack/iframes/sample9438.js",0,0,1,0,1,0,0,1,0,1,Y
"/crimepack/iframes/sample9439.js",0,0,1,0,1,0,0,1,0,1,Y
"/crimepack/iframes/sample944.js",0,0,1,0,1,0,0,1,0,1,Y
"/crimepack/iframes/sample9440.js",0,0,1,0,1,0,0,1,0,1,Y
"/crimepack/iframes/sample9441.js",0,0,1,0,1,0,0,1,0,1,Y
"/crimepack/iframes/sample9442.js",0,0,1,0,1,0,0,1,0,1,Y
"/crimepack/iframes/sample9443.js",0,0,1,0,1,0,0,1,0,1,Y
"/crimepack/iframes/sample9444.js",0,0,1,0,1,0,0,1,0,1,Y
"/crimepack/iframes/sample9445.js",0,0,1,0,1,0,0,1,0,1,Y
"/crimepack/iframes/sample9446.js",0,0,1,0,1,0,0,1,0,1,Y
"/crimepack/iframes/sample9447.js",0,0,1,0,1,0,0,1,0,1,Y
"/crimepack/iframes/sample9448.js",0,0,1,0,1,0,0,1,0,1,Y
"/crimepack/iframes/sample9449.js",0,0,1,0,1,0,0,1,0,1,Y
"/crimepack/iframes/sample945.js",0,0,1,0,1,0,0,1,0,1,Y
"/crimepack/iframes/sample9450.js",0,0,1,0,1,0,0,1,0,1,Y
"/crimepack/iframes/sample9451.js",0,0,1,0,1,0,0,1,0,1,Y
"/crimepack/iframes/sample9452.js",0,0,1,0,1,0,0,1,0,1,Y
"/crimepack/iframes/sample9453.js",0,0,1,0,1,0,0,1,0,1,Y
"/crimepack/iframes/sample9454.js",0,0,1,0,1,0,0,1,0,1,Y
"/crimepack/iframes/sample9455.js",0,0,1,0,1,0,0,1,0,1,Y
"/crimepack/iframes/sample9456.js",0,0,1,0,1,0,0,1,0,1,Y
"/crimepack/iframes/sample9457.js",0,0,1,0,1,0,0,1,0,1,Y
"/crimepack/iframes/sample9458.js",0,0,1,0,1,0,0,1,0,1,Y
"/crimepack/iframes/sample9459.js",0,0,1,0,1,0,0,1,0,1,Y
"/crimepack/iframes/sample946.js",0,0,1,0,1,0,0,1,0,1,Y
"/crimepack/iframes/sample9460.js",0,0,1,0,1,0,0,1,0,1,Y
"/crimepack/iframes/sample9461.js",0,0,1,0,1,0,0,1,0,1,Y
"/crimepack/iframes/sample9462.js",0,0,1,0,1,0,0,1,0,1,Y
"/crimepack/iframes/sample9463.js",0,0,1,0,1,0,0,1,0,1,Y
"/crimepack/iframes/sample9464.js",0,0,1,0,1,0,0,1,0,1,Y
"/crimepack/iframes/sample9465.js",0,0,1,0,1,0,0,1,0,1,Y
"/crimepack/iframes/sample9466.js",0,0,1,0,1,0,0,1,0,1,Y
"/crimepack/iframes/sample9467.js",0,0,1,0,1,0,0,1,0,1,Y
"/crimepack/iframes/sample9468.js",0,0,1,0,1,0,0,1,0,1,Y
"/crimepack/iframes/sample9469.js",0,0,1,0,1,0,0,1,0,1,Y
"/crimepack/iframes/sample947.js",0,0,1,0,1,0,0,1,0,1,Y
"/crimepack/iframes/sample9470.js",0,0,1,0,1,0,0,1,0,1,Y
"/crimepack/iframes/sample9471.js",0,0,1,0,1,0,0,1,0,1,Y
"/crimepack/iframes/sample9472.js",0,0,1,0,1,0,0,1,0,1,Y
"/crimepack/iframes/sample9473.js",0,0,1,0,1,0,0,1,0,1,Y
"/crimepack/iframes/sample9474.js",0,0,1,0,1,0,0,1,0,1,Y
"/crimepack/iframes/sample9475.js",0,0,1,0,1,0,0,1,0,1,Y
"/crimepack/iframes/sample9476.js",0,0,1,0,1,0,0,1,0,1,Y
"/crimepack/iframes/sample9477.js",0,0,1,0,1,0,0,1,0,1,Y
"/crimepack/iframes/sample9478.js",0,0,1,0,1,0,0,1,0,1,Y
"/crimepack/iframes/sample9479.js",0,0,1,0,1,0,0,1,0,1,Y
"/crimepack/iframes/sample948.js",0,0,1,0,1,0,0,1,0,1,Y
"/crimepack/iframes/sample9480.js",0,0,1,0,1,0,0,1,0,1,Y
"/crimepack/iframes/sample9481.js",0,0,1,0,1,0,0,1,0,1,Y
"/crimepack/iframes/sample9482.js",0,0,1,0,1,0,0,1,0,1,Y
"/crimepack/iframes/sample9483.js",0,0,1,0,1,0,0,1,0,1,Y
"/crimepack/iframes/sample9484.js",0,0,1,0,1,0,0,1,0,1,Y
"/crimepack/iframes/sample9485.js",0,0,1,0,1,0,0,1,0,1,Y
"/crimepack/iframes/sample9486.js",0,0,1,0,1,0,0,1,0,1,Y
"/crimepack/iframes/sample9487.js",0,0,1,0,1,0,0,1,0,1,Y
"/crimepack/iframes/sample9488.js",0,0,1,0,1,0,0,1,0,1,Y
"/crimepack/iframes/sample9489.js",0,0,1,0,1,0,0,1,0,1,Y
"/crimepack/iframes/sample949.js",0,0,1,0,1,0,0,1,0,1,Y
"/crimepack/iframes/sample9490.js",0,0,1,0,1,0,0,1,0,1,Y
"/crimepack/iframes/sample9491.js",0,0,1,0,1,0,0,1,0,1,Y
"/crimepack/iframes/sample9492.js",0,0,1,0,1,0,0,1,0,1,Y
"/crimepack/iframes/sample9493.js",0,0,1,0,1,0,0,1,0,1,Y
"/crimepack/iframes/sample9494.js",0,0,1,0,1,0,0,1,0,1,Y
"/crimepack/iframes/sample9495.js",0,0,1,0,1,0,0,1,0,1,Y
"/crimepack/iframes/sample9496.js",0,0,1,0,1,0,0,1,0,1,Y
"/crimepack/iframes/sample9497.js",0,0,1,0,1,0,0,1,0,1,Y
"/crimepack/iframes/sample9498.js",0,0,1,0,1,0,0,1,0,1,Y
"/crimepack/iframes/sample9499.js",0,0,1,0,1,0,0,1,0,1,Y
"/crimepack/iframes/sample95.js",0,0,1,0,1,0,0,1,0,1,Y
"/crimepack/iframes/sample950.js",0,0,1,0,1,0,0,1,0,1,Y
"/crimepack/iframes/sample9500.js",0,0,1,0,1,0,0,1,0,1,Y
"/crimepack/iframes/sample9501.js",0,0,1,0,1,0,0,1,0,1,Y
"/crimepack/iframes/sample9502.js",0,0,1,0,1,0,0,1,0,1,Y
"/crimepack/iframes/sample9503.js",0,0,1,0,1,0,0,1,0,1,Y
"/crimepack/iframes/sample9504.js",0,0,1,0,1,0,0,1,0,1,Y
"/crimepack/iframes/sample9505.js",0,0,1,0,1,0,0,1,0,1,Y
"/crimepack/iframes/sample9506.js",0,0,1,0,1,0,0,1,0,1,Y
"/crimepack/iframes/sample9507.js",0,0,1,0,1,0,0,1,0,1,Y
"/crimepack/iframes/sample9508.js",0,0,1,0,1,0,0,1,0,1,Y
"/crimepack/iframes/sample9509.js",0,0,1,0,1,0,0,1,0,1,Y
"/crimepack/iframes/sample951.js",0,0,1,0,1,0,0,1,0,1,Y
"/crimepack/iframes/sample9510.js",0,0,1,0,1,0,0,1,0,1,Y
"/crimepack/iframes/sample9511.js",0,0,1,0,1,0,0,1,0,1,Y
"/crimepack/iframes/sample9512.js",0,0,1,0,1,0,0,1,0,1,Y
"/crimepack/iframes/sample9513.js",0,0,1,0,1,0,0,1,0,1,Y
"/crimepack/iframes/sample9514.js",0,0,1,0,1,0,0,1,0,1,Y
"/crimepack/iframes/sample9515.js",0,0,1,0,1,0,0,1,0,1,Y
"/crimepack/iframes/sample9516.js",0,0,1,0,1,0,0,1,0,1,Y
"/crimepack/iframes/sample9517.js",0,0,1,0,1,0,0,1,0,1,Y
"/crimepack/iframes/sample9518.js",0,0,1,0,1,0,0,1,0,1,Y
"/crimepack/iframes/sample9519.js",0,0,1,0,1,0,0,1,0,1,Y
"/crimepack/iframes/sample952.js",0,0,1,0,1,0,0,1,0,1,Y
"/crimepack/iframes/sample9520.js",0,0,1,0,1,0,0,1,0,1,Y
"/crimepack/iframes/sample9521.js",0,0,1,0,1,0,0,1,0,1,Y
"/crimepack/iframes/sample9522.js",0,0,1,0,1,0,0,1,0,1,Y
"/crimepack/iframes/sample9523.js",0,0,1,0,1,0,0,1,0,1,Y
"/crimepack/iframes/sample9524.js",0,0,1,0,1,0,0,1,0,1,Y
"/crimepack/iframes/sample9525.js",0,0,1,0,1,0,0,1,0,1,Y
"/crimepack/iframes/sample9526.js",0,0,1,0,1,0,0,1,0,1,Y
"/crimepack/iframes/sample9527.js",0,0,1,0,1,0,0,1,0,1,Y
"/crimepack/iframes/sample9528.js",0,0,1,0,1,0,0,1,0,1,Y
"/crimepack/iframes/sample9529.js",0,0,1,0,1,0,0,1,0,1,Y
"/crimepack/iframes/sample953.js",0,0,1,0,1,0,0,1,0,1,Y
"/crimepack/iframes/sample9530.js",0,0,1,0,1,0,0,1,0,1,Y
"/crimepack/iframes/sample9531.js",0,0,1,0,1,0,0,1,0,1,Y
"/crimepack/iframes/sample9532.js",0,0,1,0,1,0,0,1,0,1,Y
"/crimepack/iframes/sample9533.js",0,0,1,0,1,0,0,1,0,1,Y
"/crimepack/iframes/sample9534.js",0,0,1,0,1,0,0,1,0,1,Y
"/crimepack/iframes/sample9535.js",0,0,1,0,1,0,0,1,0,1,Y
"/crimepack/iframes/sample9536.js",0,0,1,0,1,0,0,1,0,1,Y
"/crimepack/iframes/sample9537.js",0,0,1,0,1,0,0,1,0,1,Y
"/crimepack/iframes/sample9538.js",0,0,1,0,1,0,0,1,0,1,Y
"/crimepack/iframes/sample9539.js",0,0,1,0,1,0,0,1,0,1,Y
"/crimepack/iframes/sample954.js",0,0,1,0,1,0,0,1,0,1,Y
"/crimepack/iframes/sample9540.js",0,0,1,0,1,0,0,1,0,1,Y
"/crimepack/iframes/sample9541.js",0,0,1,0,1,0,0,1,0,1,Y
"/crimepack/iframes/sample9542.js",0,0,1,0,1,0,0,1,0,1,Y
"/crimepack/iframes/sample9543.js",0,0,1,0,1,0,0,1,0,1,Y
"/crimepack/iframes/sample9544.js",0,0,1,0,1,0,0,1,0,1,Y
"/crimepack/iframes/sample9545.js",0,0,1,0,1,0,0,1,0,1,Y
"/crimepack/iframes/sample9546.js",0,0,1,0,1,0,0,1,0,1,Y
"/crimepack/iframes/sample9547.js",0,0,1,0,1,0,0,1,0,1,Y
"/crimepack/iframes/sample9548.js",0,0,1,0,1,0,0,1,0,1,Y
"/crimepack/iframes/sample9549.js",0,0,1,0,1,0,0,1,0,1,Y
"/crimepack/iframes/sample955.js",0,0,1,0,1,0,0,1,0,1,Y
"/crimepack/iframes/sample9550.js",0,0,1,0,1,0,0,1,0,1,Y
"/crimepack/iframes/sample9551.js",0,0,1,0,1,0,0,1,0,1,Y
"/crimepack/iframes/sample9552.js",0,0,1,0,1,0,0,1,0,1,Y
"/crimepack/iframes/sample9553.js",0,0,1,0,1,0,0,1,0,1,Y
"/crimepack/iframes/sample9554.js",0,0,1,0,1,0,0,1,0,1,Y
"/crimepack/iframes/sample9555.js",0,0,1,0,1,0,0,1,0,1,Y
"/crimepack/iframes/sample9556.js",0,0,1,0,1,0,0,1,0,1,Y
"/crimepack/iframes/sample9557.js",0,0,1,0,1,0,0,1,0,1,Y
"/crimepack/iframes/sample9558.js",0,0,1,0,1,0,0,1,0,1,Y
"/crimepack/iframes/sample9559.js",0,0,1,0,1,0,0,1,0,1,Y
"/crimepack/iframes/sample956.js",0,0,1,0,1,0,0,1,0,1,Y
"/crimepack/iframes/sample9560.js",0,0,1,0,1,0,0,1,0,1,Y
"/crimepack/iframes/sample9561.js",0,0,1,0,1,0,0,1,0,1,Y
"/crimepack/iframes/sample9562.js",0,0,1,0,1,0,0,1,0,1,Y
"/crimepack/iframes/sample9563.js",0,0,1,0,1,0,0,1,0,1,Y
"/crimepack/iframes/sample9564.js",0,0,1,0,1,0,0,1,0,1,Y
"/crimepack/iframes/sample9565.js",0,0,1,0,1,0,0,1,0,1,Y
"/crimepack/iframes/sample9566.js",0,0,1,0,1,0,0,1,0,1,Y
"/crimepack/iframes/sample9567.js",0,0,1,0,1,0,0,1,0,1,Y
"/crimepack/iframes/sample9568.js",0,0,1,0,1,0,0,1,0,1,Y
"/crimepack/iframes/sample9569.js",0,0,1,0,1,0,0,1,0,1,Y
"/crimepack/iframes/sample957.js",0,0,1,0,1,0,0,1,0,1,Y
"/crimepack/iframes/sample9570.js",0,0,1,0,1,0,0,1,0,1,Y
"/crimepack/iframes/sample9571.js",0,0,1,0,1,0,0,1,0,1,Y
"/crimepack/iframes/sample9572.js",0,0,1,0,1,0,0,1,0,1,Y
"/crimepack/iframes/sample9573.js",0,0,1,0,1,0,0,1,0,1,Y
"/crimepack/iframes/sample9574.js",0,0,1,0,1,0,0,1,0,1,Y
"/crimepack/iframes/sample9575.js",0,0,1,0,1,0,0,1,0,1,Y
"/crimepack/iframes/sample9576.js",0,0,1,0,1,0,0,1,0,1,Y
"/crimepack/iframes/sample9577.js",0,0,1,0,1,0,0,1,0,1,Y
"/crimepack/iframes/sample9578.js",0,0,1,0,1,0,0,1,0,1,Y
"/crimepack/iframes/sample9579.js",0,0,1,0,1,0,0,1,0,1,Y
"/crimepack/iframes/sample958.js",0,0,1,0,1,0,0,1,0,1,Y
"/crimepack/iframes/sample9580.js",0,0,1,0,1,0,0,1,0,1,Y
"/crimepack/iframes/sample9581.js",0,0,1,0,1,0,0,1,0,1,Y
"/crimepack/iframes/sample9582.js",0,0,1,0,1,0,0,1,0,1,Y
"/crimepack/iframes/sample9583.js",0,0,1,0,1,0,0,1,0,1,Y
"/crimepack/iframes/sample9584.js",0,0,1,0,1,0,0,1,0,1,Y
"/crimepack/iframes/sample9585.js",0,0,1,0,1,0,0,1,0,1,Y
"/crimepack/iframes/sample9586.js",0,0,1,0,1,0,0,1,0,1,Y
"/crimepack/iframes/sample9587.js",0,0,1,0,1,0,0,1,0,1,Y
"/crimepack/iframes/sample9588.js",0,0,1,0,1,0,0,1,0,1,Y
"/crimepack/iframes/sample9589.js",0,0,1,0,1,0,0,1,0,1,Y
"/crimepack/iframes/sample959.js",0,0,1,0,1,0,0,1,0,1,Y
"/crimepack/iframes/sample9590.js",0,0,1,0,1,0,0,1,0,1,Y
"/crimepack/iframes/sample9591.js",0,0,1,0,1,0,0,1,0,1,Y
"/crimepack/iframes/sample9592.js",0,0,1,0,1,0,0,1,0,1,Y
"/crimepack/iframes/sample9593.js",0,0,1,0,1,0,0,1,0,1,Y
"/crimepack/iframes/sample9594.js",0,0,1,0,1,0,0,1,0,1,Y
"/crimepack/iframes/sample9595.js",0,0,1,0,1,0,0,1,0,1,Y
"/crimepack/iframes/sample9596.js",0,0,1,0,1,0,0,1,0,1,Y
"/crimepack/iframes/sample9597.js",0,0,1,0,1,0,0,1,0,1,Y
"/crimepack/iframes/sample9598.js",0,0,1,0,1,0,0,1,0,1,Y
"/crimepack/iframes/sample9599.js",0,0,1,0,1,0,0,1,0,1,Y
"/crimepack/iframes/sample96.js",0,0,1,0,1,0,0,1,0,1,Y
"/crimepack/iframes/sample960.js",0,0,1,0,1,0,0,1,0,1,Y
"/crimepack/iframes/sample9600.js",0,0,1,0,1,0,0,1,0,1,Y
"/crimepack/iframes/sample9601.js",0,0,1,0,1,0,0,1,0,1,Y
"/crimepack/iframes/sample9602.js",0,0,1,0,1,0,0,1,0,1,Y
"/crimepack/iframes/sample9603.js",0,0,1,0,1,0,0,1,0,1,Y
"/crimepack/iframes/sample9604.js",0,0,1,0,1,0,0,1,0,1,Y
"/crimepack/iframes/sample9605.js",0,0,1,0,1,0,0,1,0,1,Y
"/crimepack/iframes/sample9606.js",0,0,1,0,1,0,0,1,0,1,Y
"/crimepack/iframes/sample9607.js",0,0,1,0,1,0,0,1,0,1,Y
"/crimepack/iframes/sample9608.js",0,0,1,0,1,0,0,1,0,1,Y
"/crimepack/iframes/sample9609.js",0,0,1,0,1,0,0,1,0,1,Y
"/crimepack/iframes/sample961.js",0,0,1,0,1,0,0,1,0,1,Y
"/crimepack/iframes/sample9610.js",0,0,1,0,1,0,0,1,0,1,Y
"/crimepack/iframes/sample9611.js",0,0,1,0,1,0,0,1,0,1,Y
"/crimepack/iframes/sample9612.js",0,0,1,0,1,0,0,1,0,1,Y
"/crimepack/iframes/sample9613.js",0,0,1,0,1,0,0,1,0,1,Y
"/crimepack/iframes/sample9614.js",0,0,1,0,1,0,0,1,0,1,Y
"/crimepack/iframes/sample9615.js",0,0,1,0,1,0,0,1,0,1,Y
"/crimepack/iframes/sample9616.js",0,0,1,0,1,0,0,1,0,1,Y
"/crimepack/iframes/sample9617.js",0,0,1,0,1,0,0,1,0,1,Y
"/crimepack/iframes/sample9618.js",0,0,1,0,1,0,0,1,0,1,Y
"/crimepack/iframes/sample9619.js",0,0,1,0,1,0,0,1,0,1,Y
"/crimepack/iframes/sample962.js",0,0,1,0,1,0,0,1,0,1,Y
"/crimepack/iframes/sample9620.js",0,0,1,0,1,0,0,1,0,1,Y
"/crimepack/iframes/sample9621.js",0,0,1,0,1,0,0,1,0,1,Y
"/crimepack/iframes/sample9622.js",0,0,1,0,1,0,0,1,0,1,Y
"/crimepack/iframes/sample9623.js",0,0,1,0,1,0,0,1,0,1,Y
"/crimepack/iframes/sample9624.js",0,0,1,0,1,0,0,1,0,1,Y
"/crimepack/iframes/sample9625.js",0,0,1,0,1,0,0,1,0,1,Y
"/crimepack/iframes/sample9626.js",0,0,1,0,1,0,0,1,0,1,Y
"/crimepack/iframes/sample9627.js",0,0,1,0,1,0,0,1,0,1,Y
"/crimepack/iframes/sample9628.js",0,0,1,0,1,0,0,1,0,1,Y
"/crimepack/iframes/sample9629.js",0,0,1,0,1,0,0,1,0,1,Y
"/crimepack/iframes/sample963.js",0,0,1,0,1,0,0,1,0,1,Y
"/crimepack/iframes/sample9630.js",0,0,1,0,1,0,0,1,0,1,Y
"/crimepack/iframes/sample9631.js",0,0,1,0,1,0,0,1,0,1,Y
"/crimepack/iframes/sample9632.js",0,0,1,0,1,0,0,1,0,1,Y
"/crimepack/iframes/sample9633.js",0,0,1,0,1,0,0,1,0,1,Y
"/crimepack/iframes/sample9634.js",0,0,1,0,1,0,0,1,0,1,Y
"/crimepack/iframes/sample9635.js",0,0,1,0,1,0,0,1,0,1,Y
"/crimepack/iframes/sample9636.js",0,0,1,0,1,0,0,1,0,1,Y
"/crimepack/iframes/sample9637.js",0,0,1,0,1,0,0,1,0,1,Y
"/crimepack/iframes/sample9638.js",0,0,1,0,1,0,0,1,0,1,Y
"/crimepack/iframes/sample9639.js",0,0,1,0,1,0,0,1,0,1,Y
"/crimepack/iframes/sample964.js",0,0,1,0,1,0,0,1,0,1,Y
"/crimepack/iframes/sample9640.js",0,0,1,0,1,0,0,1,0,1,Y
"/crimepack/iframes/sample9641.js",0,0,1,0,1,0,0,1,0,1,Y
"/crimepack/iframes/sample9642.js",0,0,1,0,1,0,0,1,0,1,Y
"/crimepack/iframes/sample9643.js",0,0,1,0,1,0,0,1,0,1,Y
"/crimepack/iframes/sample9644.js",0,0,1,0,1,0,0,1,0,1,Y
"/crimepack/iframes/sample9645.js",0,0,1,0,1,0,0,1,0,1,Y
"/crimepack/iframes/sample9646.js",0,0,1,0,1,0,0,1,0,1,Y
"/crimepack/iframes/sample9647.js",0,0,1,0,1,0,0,1,0,1,Y
"/crimepack/iframes/sample9648.js",0,0,1,0,1,0,0,1,0,1,Y
"/crimepack/iframes/sample9649.js",0,0,1,0,1,0,0,1,0,1,Y
"/crimepack/iframes/sample965.js",0,0,1,0,1,0,0,1,0,1,Y
"/crimepack/iframes/sample9650.js",0,0,1,0,1,0,0,1,0,1,Y
"/crimepack/iframes/sample9651.js",0,0,1,0,1,0,0,1,0,1,Y
"/crimepack/iframes/sample9652.js",0,0,1,0,1,0,0,1,0,1,Y
"/crimepack/iframes/sample9653.js",0,0,1,0,1,0,0,1,0,1,Y
"/crimepack/iframes/sample9654.js",0,0,1,0,1,0,0,1,0,1,Y
"/crimepack/iframes/sample9655.js",0,0,1,0,1,0,0,1,0,1,Y
"/crimepack/iframes/sample9656.js",0,0,1,0,1,0,0,1,0,1,Y
"/crimepack/iframes/sample9657.js",0,0,1,0,1,0,0,1,0,1,Y
"/crimepack/iframes/sample9658.js",0,0,1,0,1,0,0,1,0,1,Y
"/crimepack/iframes/sample9659.js",0,0,1,0,1,0,0,1,0,1,Y
"/crimepack/iframes/sample966.js",0,0,1,0,1,0,0,1,0,1,Y
"/crimepack/iframes/sample9660.js",0,0,1,0,1,0,0,1,0,1,Y
"/crimepack/iframes/sample9661.js",0,0,1,0,1,0,0,1,0,1,Y
"/crimepack/iframes/sample9662.js",0,0,1,0,1,0,0,1,0,1,Y
"/crimepack/iframes/sample9663.js",0,0,1,0,1,0,0,1,0,1,Y
"/crimepack/iframes/sample9664.js",0,0,1,0,1,0,0,1,0,1,Y
"/crimepack/iframes/sample9665.js",0,0,1,0,1,0,0,1,0,1,Y
"/crimepack/iframes/sample9666.js",0,0,1,0,1,0,0,1,0,1,Y
"/crimepack/iframes/sample9667.js",0,0,1,0,1,0,0,1,0,1,Y
"/crimepack/iframes/sample9668.js",0,0,1,0,1,0,0,1,0,1,Y
"/crimepack/iframes/sample9669.js",0,0,1,0,1,0,0,1,0,1,Y
"/crimepack/iframes/sample967.js",0,0,1,0,1,0,0,1,0,1,Y
"/crimepack/iframes/sample9670.js",0,0,1,0,1,0,0,1,0,1,Y
"/crimepack/iframes/sample9671.js",0,0,1,0,1,0,0,1,0,1,Y
"/crimepack/iframes/sample9672.js",0,0,1,0,1,0,0,1,0,1,Y
"/crimepack/iframes/sample9673.js",0,0,1,0,1,0,0,1,0,1,Y
"/crimepack/iframes/sample9674.js",0,0,1,0,1,0,0,1,0,1,Y
"/crimepack/iframes/sample9675.js",0,0,1,0,1,0,0,1,0,1,Y
"/crimepack/iframes/sample9676.js",0,0,1,0,1,0,0,1,0,1,Y
"/crimepack/iframes/sample9677.js",0,0,1,0,1,0,0,1,0,1,Y
"/crimepack/iframes/sample9678.js",0,0,1,0,1,0,0,1,0,1,Y
"/crimepack/iframes/sample9679.js",0,0,1,0,1,0,0,1,0,1,Y
"/crimepack/iframes/sample968.js",0,0,1,0,1,0,0,1,0,1,Y
"/crimepack/iframes/sample9680.js",0,0,1,0,1,0,0,1,0,1,Y
"/crimepack/iframes/sample9681.js",0,0,1,0,1,0,0,1,0,1,Y
"/crimepack/iframes/sample9682.js",0,0,1,0,1,0,0,1,0,1,Y
"/crimepack/iframes/sample9683.js",0,0,1,0,1,0,0,1,0,1,Y
"/crimepack/iframes/sample9684.js",0,0,1,0,1,0,0,1,0,1,Y
"/crimepack/iframes/sample9685.js",0,0,1,0,1,0,0,1,0,1,Y
"/crimepack/iframes/sample9686.js",0,0,1,0,1,0,0,1,0,1,Y
"/crimepack/iframes/sample9687.js",0,0,1,0,1,0,0,1,0,1,Y
"/crimepack/iframes/sample9688.js",0,0,1,0,1,0,0,1,0,1,Y
"/crimepack/iframes/sample9689.js",0,0,1,0,1,0,0,1,0,1,Y
"/crimepack/iframes/sample969.js",0,0,1,0,1,0,0,1,0,1,Y
"/crimepack/iframes/sample9690.js",0,0,1,0,1,0,0,1,0,1,Y
"/crimepack/iframes/sample9691.js",0,0,1,0,1,0,0,1,0,1,Y
"/crimepack/iframes/sample9692.js",0,0,1,0,1,0,0,1,0,1,Y
"/crimepack/iframes/sample9693.js",0,0,1,0,1,0,0,1,0,1,Y
"/crimepack/iframes/sample9694.js",0,0,1,0,1,0,0,1,0,1,Y
"/crimepack/iframes/sample9695.js",0,0,1,0,1,0,0,1,0,1,Y
"/crimepack/iframes/sample9696.js",0,0,1,0,1,0,0,1,0,1,Y
"/crimepack/iframes/sample9697.js",0,0,1,0,1,0,0,1,0,1,Y
"/crimepack/iframes/sample9698.js",0,0,1,0,1,0,0,1,0,1,Y
"/crimepack/iframes/sample9699.js",0,0,1,0,1,0,0,1,0,1,Y
"/crimepack/iframes/sample97.js",0,0,1,0,1,0,0,1,0,1,Y
"/crimepack/iframes/sample970.js",0,0,1,0,1,0,0,1,0,1,Y
"/crimepack/iframes/sample9700.js",0,0,1,0,1,0,0,1,0,1,Y
"/crimepack/iframes/sample9701.js",0,0,1,0,1,0,0,1,0,1,Y
"/crimepack/iframes/sample9702.js",0,0,1,0,1,0,0,1,0,1,Y
"/crimepack/iframes/sample9703.js",0,0,1,0,1,0,0,1,0,1,Y
"/crimepack/iframes/sample9704.js",0,0,1,0,1,0,0,1,0,1,Y
"/crimepack/iframes/sample9705.js",0,0,1,0,1,0,0,1,0,1,Y
"/crimepack/iframes/sample9706.js",0,0,1,0,1,0,0,1,0,1,Y
"/crimepack/iframes/sample9707.js",0,0,1,0,1,0,0,1,0,1,Y
"/crimepack/iframes/sample9708.js",0,0,1,0,1,0,0,1,0,1,Y
"/crimepack/iframes/sample9709.js",0,0,1,0,1,0,0,1,0,1,Y
"/crimepack/iframes/sample971.js",0,0,1,0,1,0,0,1,0,1,Y
"/crimepack/iframes/sample9710.js",0,0,1,0,1,0,0,1,0,1,Y
"/crimepack/iframes/sample9711.js",0,0,1,0,1,0,0,1,0,1,Y
"/crimepack/iframes/sample9712.js",0,0,1,0,1,0,0,1,0,1,Y
"/crimepack/iframes/sample9713.js",0,0,1,0,1,0,0,1,0,1,Y
"/crimepack/iframes/sample9714.js",0,0,1,0,1,0,0,1,0,1,Y
"/crimepack/iframes/sample9715.js",0,0,1,0,1,0,0,1,0,1,Y
"/crimepack/iframes/sample9716.js",0,0,1,0,1,0,0,1,0,1,Y
"/crimepack/iframes/sample9717.js",0,0,1,0,1,0,0,1,0,1,Y
"/crimepack/iframes/sample9718.js",0,0,1,0,1,0,0,1,0,1,Y
"/crimepack/iframes/sample9719.js",0,0,1,0,1,0,0,1,0,1,Y
"/crimepack/iframes/sample972.js",0,0,1,0,1,0,0,1,0,1,Y
"/crimepack/iframes/sample9720.js",0,0,1,0,1,0,0,1,0,1,Y
"/crimepack/iframes/sample9721.js",0,0,1,0,1,0,0,1,0,1,Y
"/crimepack/iframes/sample9722.js",0,0,1,0,1,0,0,1,0,1,Y
"/crimepack/iframes/sample9723.js",0,0,1,0,1,0,0,1,0,1,Y
"/crimepack/iframes/sample9724.js",0,0,1,0,1,0,0,1,0,1,Y
"/crimepack/iframes/sample9725.js",0,0,1,0,1,0,0,1,0,1,Y
"/crimepack/iframes/sample9726.js",0,0,1,0,1,0,0,1,0,1,Y
"/crimepack/iframes/sample9727.js",0,0,1,0,1,0,0,1,0,1,Y
"/crimepack/iframes/sample9728.js",0,0,1,0,1,0,0,1,0,1,Y
"/crimepack/iframes/sample9729.js",0,0,1,0,1,0,0,1,0,1,Y
"/crimepack/iframes/sample973.js",0,0,1,0,1,0,0,1,0,1,Y
"/crimepack/iframes/sample9730.js",0,0,1,0,1,0,0,1,0,1,Y
"/crimepack/iframes/sample9731.js",0,0,1,0,1,0,0,1,0,1,Y
"/crimepack/iframes/sample9732.js",0,0,1,0,1,0,0,1,0,1,Y
"/crimepack/iframes/sample9733.js",0,0,1,0,1,0,0,1,0,1,Y
"/crimepack/iframes/sample9734.js",0,0,1,0,1,0,0,1,0,1,Y
"/crimepack/iframes/sample9735.js",0,0,1,0,1,0,0,1,0,1,Y
"/crimepack/iframes/sample9736.js",0,0,1,0,1,0,0,1,0,1,Y
"/crimepack/iframes/sample9737.js",0,0,1,0,1,0,0,1,0,1,Y
"/crimepack/iframes/sample9738.js",0,0,1,0,1,0,0,1,0,1,Y
"/crimepack/iframes/sample9739.js",0,0,1,0,1,0,0,1,0,1,Y
"/crimepack/iframes/sample974.js",0,0,1,0,1,0,0,1,0,1,Y
"/crimepack/iframes/sample9740.js",0,0,1,0,1,0,0,1,0,1,Y
"/crimepack/iframes/sample9741.js",0,0,1,0,1,0,0,1,0,1,Y
"/crimepack/iframes/sample9742.js",0,0,1,0,1,0,0,1,0,1,Y
"/crimepack/iframes/sample9743.js",0,0,1,0,1,0,0,1,0,1,Y
"/crimepack/iframes/sample9744.js",0,0,1,0,1,0,0,1,0,1,Y
"/crimepack/iframes/sample9745.js",0,0,1,0,1,0,0,1,0,1,Y
"/crimepack/iframes/sample9746.js",0,0,1,0,1,0,0,1,0,1,Y
"/crimepack/iframes/sample9747.js",0,0,1,0,1,0,0,1,0,1,Y
"/crimepack/iframes/sample9748.js",0,0,1,0,1,0,0,1,0,1,Y
"/crimepack/iframes/sample9749.js",0,0,1,0,1,0,0,1,0,1,Y
"/crimepack/iframes/sample975.js",0,0,1,0,1,0,0,1,0,1,Y
"/crimepack/iframes/sample9750.js",0,0,1,0,1,0,0,1,0,1,Y
"/crimepack/iframes/sample9751.js",0,0,1,0,1,0,0,1,0,1,Y
"/crimepack/iframes/sample9752.js",0,0,1,0,1,0,0,1,0,1,Y
"/crimepack/iframes/sample9753.js",0,0,1,0,1,0,0,1,0,1,Y
"/crimepack/iframes/sample9754.js",0,0,1,0,1,0,0,1,0,1,Y
"/crimepack/iframes/sample9755.js",0,0,1,0,1,0,0,1,0,1,Y
"/crimepack/iframes/sample9756.js",0,0,1,0,1,0,0,1,0,1,Y
"/crimepack/iframes/sample9757.js",0,0,1,0,1,0,0,1,0,1,Y
"/crimepack/iframes/sample9758.js",0,0,1,0,1,0,0,1,0,1,Y
"/crimepack/iframes/sample9759.js",0,0,1,0,1,0,0,1,0,1,Y
"/crimepack/iframes/sample976.js",0,0,1,0,1,0,0,1,0,1,Y
"/crimepack/iframes/sample9760.js",0,0,1,0,1,0,0,1,0,1,Y
"/crimepack/iframes/sample9761.js",0,0,1,0,1,0,0,1,0,1,Y
"/crimepack/iframes/sample9762.js",0,0,1,0,1,0,0,1,0,1,Y
"/crimepack/iframes/sample9763.js",0,0,1,0,1,0,0,1,0,1,Y
"/crimepack/iframes/sample9764.js",0,0,1,0,1,0,0,1,0,1,Y
"/crimepack/iframes/sample9765.js",0,0,1,0,1,0,0,1,0,1,Y
"/crimepack/iframes/sample9766.js",0,0,1,0,1,0,0,1,0,1,Y
"/crimepack/iframes/sample9767.js",0,0,1,0,1,0,0,1,0,1,Y
"/crimepack/iframes/sample9768.js",0,0,1,0,1,0,0,1,0,1,Y
"/crimepack/iframes/sample9769.js",0,0,1,0,1,0,0,1,0,1,Y
"/crimepack/iframes/sample977.js",0,0,1,0,1,0,0,1,0,1,Y
"/crimepack/iframes/sample9770.js",0,0,1,0,1,0,0,1,0,1,Y
"/crimepack/iframes/sample9771.js",0,0,1,0,1,0,0,1,0,1,Y
"/crimepack/iframes/sample9772.js",0,0,1,0,1,0,0,1,0,1,Y
"/crimepack/iframes/sample9773.js",0,0,1,0,1,0,0,1,0,1,Y
"/crimepack/iframes/sample9774.js",0,0,1,0,1,0,0,1,0,1,Y
"/crimepack/iframes/sample9775.js",0,0,1,0,1,0,0,1,0,1,Y
"/crimepack/iframes/sample9776.js",0,0,1,0,1,0,0,1,0,1,Y
"/crimepack/iframes/sample9777.js",0,0,1,0,1,0,0,1,0,1,Y
"/crimepack/iframes/sample9778.js",0,0,1,0,1,0,0,1,0,1,Y
"/crimepack/iframes/sample9779.js",0,0,1,0,1,0,0,1,0,1,Y
"/crimepack/iframes/sample978.js",0,0,1,0,1,0,0,1,0,1,Y
"/crimepack/iframes/sample9780.js",0,0,1,0,1,0,0,1,0,1,Y
"/crimepack/iframes/sample9781.js",0,0,1,0,1,0,0,1,0,1,Y
"/crimepack/iframes/sample9782.js",0,0,1,0,1,0,0,1,0,1,Y
"/crimepack/iframes/sample9783.js",0,0,1,0,1,0,0,1,0,1,Y
"/crimepack/iframes/sample9784.js",0,0,1,0,1,0,0,1,0,1,Y
"/crimepack/iframes/sample9785.js",0,0,1,0,1,0,0,1,0,1,Y
"/crimepack/iframes/sample9786.js",0,0,1,0,1,0,0,1,0,1,Y
"/crimepack/iframes/sample9787.js",0,0,1,0,1,0,0,1,0,1,Y
"/crimepack/iframes/sample9788.js",0,0,1,0,1,0,0,1,0,1,Y
"/crimepack/iframes/sample9789.js",0,0,1,0,1,0,0,1,0,1,Y
"/crimepack/iframes/sample979.js",0,0,1,0,1,0,0,1,0,1,Y
"/crimepack/iframes/sample9790.js",0,0,1,0,1,0,0,1,0,1,Y
"/crimepack/iframes/sample9791.js",0,0,1,0,1,0,0,1,0,1,Y
"/crimepack/iframes/sample9792.js",0,0,1,0,1,0,0,1,0,1,Y
"/crimepack/iframes/sample9793.js",0,0,1,0,1,0,0,1,0,1,Y
"/crimepack/iframes/sample9794.js",0,0,1,0,1,0,0,1,0,1,Y
"/crimepack/iframes/sample9795.js",0,0,1,0,1,0,0,1,0,1,Y
"/crimepack/iframes/sample9796.js",0,0,1,0,1,0,0,1,0,1,Y
"/crimepack/iframes/sample9797.js",0,0,1,0,1,0,0,1,0,1,Y
"/crimepack/iframes/sample9798.js",0,0,1,0,1,0,0,1,0,1,Y
"/crimepack/iframes/sample9799.js",0,0,1,0,1,0,0,1,0,1,Y
"/crimepack/iframes/sample98.js",0,0,1,0,1,0,0,1,0,1,Y
"/crimepack/iframes/sample980.js",0,0,1,0,1,0,0,1,0,1,Y
"/crimepack/iframes/sample9800.js",0,0,1,0,1,0,0,1,0,1,Y
"/crimepack/iframes/sample9801.js",0,0,1,0,1,0,0,1,0,1,Y
"/crimepack/iframes/sample9802.js",0,0,1,0,1,0,0,1,0,1,Y
"/crimepack/iframes/sample9803.js",0,0,1,0,1,0,0,1,0,1,Y
"/crimepack/iframes/sample9804.js",0,0,1,0,1,0,0,1,0,1,Y
"/crimepack/iframes/sample9805.js",0,0,1,0,1,0,0,1,0,1,Y
"/crimepack/iframes/sample9806.js",0,0,1,0,1,0,0,1,0,1,Y
"/crimepack/iframes/sample9807.js",0,0,1,0,1,0,0,1,0,1,Y
"/crimepack/iframes/sample9808.js",0,0,1,0,1,0,0,1,0,1,Y
"/crimepack/iframes/sample9809.js",0,0,1,0,1,0,0,1,0,1,Y
"/crimepack/iframes/sample981.js",0,0,1,0,1,0,0,1,0,1,Y
"/crimepack/iframes/sample9810.js",0,0,1,0,1,0,0,1,0,1,Y
"/crimepack/iframes/sample9811.js",0,0,1,0,1,0,0,1,0,1,Y
"/crimepack/iframes/sample9812.js",0,0,1,0,1,0,0,1,0,1,Y
"/crimepack/iframes/sample9813.js",0,0,1,0,1,0,0,1,0,1,Y
"/crimepack/iframes/sample9814.js",0,0,1,0,1,0,0,1,0,1,Y
"/crimepack/iframes/sample9815.js",0,0,1,0,1,0,0,1,0,1,Y
"/crimepack/iframes/sample9816.js",0,0,1,0,1,0,0,1,0,1,Y
"/crimepack/iframes/sample9817.js",0,0,1,0,1,0,0,1,0,1,Y
"/crimepack/iframes/sample9818.js",0,0,1,0,1,0,0,1,0,1,Y
"/crimepack/iframes/sample9819.js",0,0,1,0,1,0,0,1,0,1,Y
"/crimepack/iframes/sample982.js",0,0,1,0,1,0,0,1,0,1,Y
"/crimepack/iframes/sample9820.js",0,0,1,0,1,0,0,1,0,1,Y
"/crimepack/iframes/sample9821.js",0,0,1,0,1,0,0,1,0,1,Y
"/crimepack/iframes/sample9822.js",0,0,1,0,1,0,0,1,0,1,Y
"/crimepack/iframes/sample9823.js",0,0,1,0,1,0,0,1,0,1,Y
"/crimepack/iframes/sample9824.js",0,0,1,0,1,0,0,1,0,1,Y
"/crimepack/iframes/sample9825.js",0,0,1,0,1,0,0,1,0,1,Y
"/crimepack/iframes/sample9826.js",0,0,1,0,1,0,0,1,0,1,Y
"/crimepack/iframes/sample9827.js",0,0,1,0,1,0,0,1,0,1,Y
"/crimepack/iframes/sample9828.js",0,0,1,0,1,0,0,1,0,1,Y
"/crimepack/iframes/sample9829.js",0,0,1,0,1,0,0,1,0,1,Y
"/crimepack/iframes/sample983.js",0,0,1,0,1,0,0,1,0,1,Y
"/crimepack/iframes/sample9830.js",0,0,1,0,1,0,0,1,0,1,Y
"/crimepack/iframes/sample9831.js",0,0,1,0,1,0,0,1,0,1,Y
"/crimepack/iframes/sample9832.js",0,0,1,0,1,0,0,1,0,1,Y
"/crimepack/iframes/sample9833.js",0,0,1,0,1,0,0,1,0,1,Y
"/crimepack/iframes/sample9834.js",0,0,1,0,1,0,0,1,0,1,Y
"/crimepack/iframes/sample9835.js",0,0,1,0,1,0,0,1,0,1,Y
"/crimepack/iframes/sample9836.js",0,0,1,0,1,0,0,1,0,1,Y
"/crimepack/iframes/sample9837.js",0,0,1,0,1,0,0,1,0,1,Y
"/crimepack/iframes/sample9838.js",0,0,1,0,1,0,0,1,0,1,Y
"/crimepack/iframes/sample9839.js",0,0,1,0,1,0,0,1,0,1,Y
"/crimepack/iframes/sample984.js",0,0,1,0,1,0,0,1,0,1,Y
"/crimepack/iframes/sample9840.js",0,0,1,0,1,0,0,1,0,1,Y
"/crimepack/iframes/sample9841.js",0,0,1,0,1,0,0,1,0,1,Y
"/crimepack/iframes/sample9842.js",0,0,1,0,1,0,0,1,0,1,Y
"/crimepack/iframes/sample9843.js",0,0,1,0,1,0,0,1,0,1,Y
"/crimepack/iframes/sample9844.js",0,0,1,0,1,0,0,1,0,1,Y
"/crimepack/iframes/sample9845.js",0,0,1,0,1,0,0,1,0,1,Y
"/crimepack/iframes/sample9846.js",0,0,1,0,1,0,0,1,0,1,Y
"/crimepack/iframes/sample9847.js",0,0,1,0,1,0,0,1,0,1,Y
"/crimepack/iframes/sample9848.js",0,0,1,0,1,0,0,1,0,1,Y
"/crimepack/iframes/sample9849.js",0,0,1,0,1,0,0,1,0,1,Y
"/crimepack/iframes/sample985.js",0,0,1,0,1,0,0,1,0,1,Y
"/crimepack/iframes/sample9850.js",0,0,1,0,1,0,0,1,0,1,Y
"/crimepack/iframes/sample9851.js",0,0,1,0,1,0,0,1,0,1,Y
"/crimepack/iframes/sample9852.js",0,0,1,0,1,0,0,1,0,1,Y
"/crimepack/iframes/sample9853.js",0,0,1,0,1,0,0,1,0,1,Y
"/crimepack/iframes/sample9854.js",0,0,1,0,1,0,0,1,0,1,Y
"/crimepack/iframes/sample9855.js",0,0,1,0,1,0,0,1,0,1,Y
"/crimepack/iframes/sample9856.js",0,0,1,0,1,0,0,1,0,1,Y
"/crimepack/iframes/sample9857.js",0,0,1,0,1,0,0,1,0,1,Y
"/crimepack/iframes/sample9858.js",0,0,1,0,1,0,0,1,0,1,Y
"/crimepack/iframes/sample9859.js",0,0,1,0,1,0,0,1,0,1,Y
"/crimepack/iframes/sample986.js",0,0,1,0,1,0,0,1,0,1,Y
"/crimepack/iframes/sample9860.js",0,0,1,0,1,0,0,1,0,1,Y
"/crimepack/iframes/sample9861.js",0,0,1,0,1,0,0,1,0,1,Y
"/crimepack/iframes/sample9862.js",0,0,1,0,1,0,0,1,0,1,Y
"/crimepack/iframes/sample9863.js",0,0,1,0,1,0,0,1,0,1,Y
"/crimepack/iframes/sample9864.js",0,0,1,0,1,0,0,1,0,1,Y
"/crimepack/iframes/sample9865.js",0,0,1,0,1,0,0,1,0,1,Y
"/crimepack/iframes/sample9866.js",0,0,1,0,1,0,0,1,0,1,Y
"/crimepack/iframes/sample9867.js",0,0,1,0,1,0,0,1,0,1,Y
"/crimepack/iframes/sample9868.js",0,0,1,0,1,0,0,1,0,1,Y
"/crimepack/iframes/sample9869.js",0,0,1,0,1,0,0,1,0,1,Y
"/crimepack/iframes/sample987.js",0,0,1,0,1,0,0,1,0,1,Y
"/crimepack/iframes/sample9870.js",0,0,1,0,1,0,0,1,0,1,Y
"/crimepack/iframes/sample9871.js",0,0,1,0,1,0,0,1,0,1,Y
"/crimepack/iframes/sample9872.js",0,0,1,0,1,0,0,1,0,1,Y
"/crimepack/iframes/sample9873.js",0,0,1,0,1,0,0,1,0,1,Y
"/crimepack/iframes/sample9874.js",0,0,1,0,1,0,0,1,0,1,Y
"/crimepack/iframes/sample9875.js",0,0,1,0,1,0,0,1,0,1,Y
"/crimepack/iframes/sample9876.js",0,0,1,0,1,0,0,1,0,1,Y
"/crimepack/iframes/sample9877.js",0,0,1,0,1,0,0,1,0,1,Y
"/crimepack/iframes/sample9878.js",0,0,1,0,1,0,0,1,0,1,Y
"/crimepack/iframes/sample9879.js",0,0,1,0,1,0,0,1,0,1,Y
"/crimepack/iframes/sample988.js",0,0,1,0,1,0,0,1,0,1,Y
"/crimepack/iframes/sample9880.js",0,0,1,0,1,0,0,1,0,1,Y
"/crimepack/iframes/sample9881.js",0,0,1,0,1,0,0,1,0,1,Y
"/crimepack/iframes/sample9882.js",0,0,1,0,1,0,0,1,0,1,Y
"/crimepack/iframes/sample9883.js",0,0,1,0,1,0,0,1,0,1,Y
"/crimepack/iframes/sample9884.js",0,0,1,0,1,0,0,1,0,1,Y
"/crimepack/iframes/sample9885.js",0,0,1,0,1,0,0,1,0,1,Y
"/crimepack/iframes/sample9886.js",0,0,1,0,1,0,0,1,0,1,Y
"/crimepack/iframes/sample9887.js",0,0,1,0,1,0,0,1,0,1,Y
"/crimepack/iframes/sample9888.js",0,0,1,0,1,0,0,1,0,1,Y
"/crimepack/iframes/sample9889.js",0,0,1,0,1,0,0,1,0,1,Y
"/crimepack/iframes/sample989.js",0,0,1,0,1,0,0,1,0,1,Y
"/crimepack/iframes/sample9890.js",0,0,1,0,1,0,0,1,0,1,Y
"/crimepack/iframes/sample9891.js",0,0,1,0,1,0,0,1,0,1,Y
"/crimepack/iframes/sample9892.js",0,0,1,0,1,0,0,1,0,1,Y
"/crimepack/iframes/sample9893.js",0,0,1,0,1,0,0,1,0,1,Y
"/crimepack/iframes/sample9894.js",0,0,1,0,1,0,0,1,0,1,Y
"/crimepack/iframes/sample9895.js",0,0,1,0,1,0,0,1,0,1,Y
"/crimepack/iframes/sample9896.js",0,0,1,0,1,0,0,1,0,1,Y
"/crimepack/iframes/sample9897.js",0,0,1,0,1,0,0,1,0,1,Y
"/crimepack/iframes/sample9898.js",0,0,1,0,1,0,0,1,0,1,Y
"/crimepack/iframes/sample9899.js",0,0,1,0,1,0,0,1,0,1,Y
"/js-droppers/00000307425.doc.js",-1,-1,-1,-1,-4,-1,-1,-1,-1,-4,Y
"/js-droppers/00000573801.doc.js",-1,-1,-1,-1,-4,-1,-1,-1,-1,-4,Y
"/js-droppers/0000177235.doc.js",-1,-1,-1,-1,-4,-1,-1,-1,-1,-4,Y
"/js-droppers/0000290134.doc.js",-1,-1,-1,-1,-4,-1,-1,-1,-1,-4,Y
"/js-droppers/0000296793.doc.js",-1,-1,-1,-1,-4,-1,-1,-1,-1,-4,Y
"/js-droppers/0000385560.doc.js",-1,-1,-1,-1,-4,-1,-1,-1,-1,-4,Y
"/js-droppers/000131617.doc.js",-1,-1,-1,-1,-4,-1,-1,-1,-1,-4,Y
"/js-droppers/000342362.doc.js",-1,-1,-1,-1,-4,-1,-1,-1,-1,-4,Y
"/js-droppers/000483551.doc.js",-1,-1,-1,-1,-4,-1,-1,-1,-1,-4,Y
"/js-droppers/000548589.doc.js",-1,-1,-1,-1,-4,-1,-1,-1,-1,-4,Y
"/js-droppers/000714113.zip^000714113.doc.js",-1,-1,-1,-1,-4,-1,-1,-1,-1,-4,Y
"/js-droppers/000945461.doc.js",-1,-1,-1,-1,-4,-1,-1,-1,-1,-4,Y
"/js-droppers/000994579.doc.js",-1,-1,-1,-1,-4,-1,-1,-1,-1,-4,Y
"/js-droppers/00106064.doc.js",-1,-1,-1,-1,-4,-1,-1,-1,-1,-4,Y
"/js-droppers/00171176.doc.js",-1,-1,-1,-1,-4,-1,-1,-1,-1,-4,Y
"/js-droppers/00358520.doc.js",-1,-1,-1,-1,-4,-1,-1,-1,-1,-4,Y
"/js-droppers/003e2e90f553f6da5985c1018f4d076e_Resume_Darnell_Ho.js",-1,-1,-1,-1,-4,-1,-1,-1,-1,-4,Y
"/js-droppers/00443048.doc.js",-1,-1,-1,-1,-4,-1,-1,-1,-1,-4,Y
"/js-droppers/006f87ed49e91eaffc3971d0f45f1282_task00000720261.doc.js",-1,-1,-1,-1,-4,-1,-1,-1,-1,-4,Y
"/js-droppers/012774fb2250cecaa5c7744e7ee089dc_scanned-000466651.doc.js",-1,-1,-1,-1,-4,-1,-1,-1,-1,-4,Y
"/js-droppers/01c21dba632f4a02c22eaa69878cc9dd_invoice_20ii4w.js",-1,-1,-1,-1,-4,-1,-1,-1,-1,-4,Y
"/js-droppers/0352acd36fedd29e12aceb0068c66b49_INVOICE_main_BD3847636213.js",-1,-1,-1,-1,-4,-1,-1,-1,-1,-4,Y
"/js-droppers/056989c50fbe7e452275a93c3bf011e0_Pablo_Brock.js",-1,-1,-1,-1,-4,-1,-1,-1,-1,-4,Y
"/js-droppers/0673c19dc215de1b6300d36740fcf0f8_invoice_copy_1CuXOmdYEZt.js",-1,-1,-1,-1,-4,-1,-1,-1,-1,-4,Y
"/js-droppers/06bc28c42a92c18f5eff141526118b4c_invoice_copy_WzCwCwtpdXL.js",-1,-1,-1,-1,-4,-1,-1,-1,-1,-4,Y
"/js-droppers/06d4d5124ca33ffe8804923bd8c163bc_fax00000321502.doc.js",-1,-1,-1,-1,-4,-1,-1,-1,-1,-4,Y
"/js-droppers/0706a59751763eb9b14683b51eba86af_statement.js",-1,-1,-1,-1,-4,-1,-1,-1,-1,-4,Y
"/js-droppers/076ff2e48b0bdecf6ccb55728d3864ce_invoice_copy_dZxsQt.js",-1,-1,-1,-1,-4,-1,-1,-1,-1,-4,Y
"/js-droppers/091693513935608a1c3d47fb070ecee3_invoice_6Yrnxk.js",-1,-1,-1,-1,-4,-1,-1,-1,-1,-4,Y
"/js-droppers/0a811273675f5e6cb0b7dbcbdaae584e_My_resume_Clyde_Ellison.js",-1,-1,-1,-1,-4,-1,-1,-1,-1,-4,Y
"/js-droppers/0aa2129d4c34230c758edb2371c55435_part1.js",-1,-1,-1,-1,-4,-1,-1,-1,-1,-4,Y
"/js-droppers/0b859eb668a8d74bfcea058fb4a9c26c_invoice_SENwRY.js",-1,-1,-1,-1,-4,-1,-1,-1,-1,-4,Y
"/js-droppers/0c709fb8eff6b0db2643e998c94a0ef7_photo.js",-1,-1,-1,-1,-4,-1,-1,-1,-1,-4,Y
"/js-droppers/0ca4dfa11bbdad64aebebed3b84f247d_document_000778804.doc.js",-1,-1,-1,-1,-4,-1,-1,-1,-1,-4,Y
"/js-droppers/1059c44d9651f51761bcb56641dd94cd_Fattura_09547.pdf.js",-1,-1,-1,-1,-4,-1,-1,-1,-1,-4,Y
"/js-droppers/119d4d0a4830bc25dcbe21cbba0c874e_invoice_scan_tEAM1t.js",-1,-1,-1,-1,-4,-1,-1,-1,-1,-4,Y
"/js-droppers/127d09ef46a3e8c56e02812c630ab3ab_invoice_scan_fQaneK.js",-1,-1,-1,-1,-4,-1,-1,-1,-1,-4,Y
"/js-droppers/134aadfa38c4d8601d50ecc825cc2de1_task_000688545.doc.js",-1,-1,-1,-1,-4,-1,-1,-1,-1,-4,Y
"/js-droppers/146077b3af664c9db29679fc4af3986b_Court_Notification_00445891.doc.js",-1,-1,-1,-1,-4,-1,-1,-1,-1,-4,Y
"/js-droppers/14cff84d889bf3d6973565635fe03911_invoice_SCAN_w7acB.js",-1,-1,-1,-1,-4,-1,-1,-1,-1,-4,Y
"/js-droppers/16271273fff02b529080844af5ea08ba_000796447.doc.js",-1,-1,-1,-1,-4,-1,-1,-1,-1,-4,Y
"/js-droppers/16a57b1149fa302bf54e8039ac463e17_inv_877.js",-1,-1,-1,-1,-4,-1,-1,-1,-1,-4,Y
"/js-droppers/16a57b1149fa302bf54e8039ac463e17_src_resume.js",-1,-1,-1,-1,-4,-1,-1,-1,-1,-4,Y
"/js-droppers/16aa576fa15d274b58b2b023caa556b1_Resume_Eliseo_Hughes.js",-1,-1,-1,-1,-4,-1,-1,-1,-1,-4,Y
"/js-droppers/1784191639a5321c896951a27df5e3e9_fax_000594567.doc.js",-1,-1,-1,-1,-4,-1,-1,-1,-1,-4,Y
"/js-droppers/17f2db1ee1b452d505d9b2d911325e84_img.js",-1,-1,-1,-1,-4,-1,-1,-1,-1,-4,Y
"/js-droppers/18d519ab53b83109c57ff8928dc617a9_invoice_copy_eCEYwaGbIs6.js",-1,-1,-1,-1,-4,-1,-1,-1,-1,-4,Y
"/js-droppers/19ba7d1a7be38404208fcbd995692f35_info_KW9Fo5GKg9z.js",-1,-1,-1,-1,-4,-1,-1,-1,-1,-4,Y
"/js-droppers/1a943ac0fae975a237546e7d5c024dbc_Fattura_09547.pdf.js",-1,-1,-1,-1,-4,-1,-1,-1,-1,-4,Y
"/js-droppers/1b3c34f10b1036f2bc92c664217c071f_doc_8CB57lPPcER.js",-1,-1,-1,-1,-4,-1,-1,-1,-1,-4,Y
"/js-droppers/1b53458c5cdbf089a85a73a7d00fbe23_FedEx_ID_00000589714.doc.js",-1,-1,-1,-1,-4,-1,-1,-1,-1,-4,Y
"/js-droppers/1cc463f9d2843d1647dcaa33b717dd79_00000278156.doc.js",-1,-1,-1,-1,-4,-1,-1,-1,-1,-4,Y
"/js-droppers/1e20314992ffac4916629a086e78841b_src_resume.js",-1,-1,-1,-1,-4,-1,-1,-1,-1,-4,Y
"/js-droppers/21286ad1cdb6ee7759ec78967880c6c6_invoice_copy_ONPAUemb5VM.js",-1,-1,-1,-1,-4,-1,-1,-1,-1,-4,Y
"/js-droppers/22f8feaddf02294d70d6614ba821f95b_doc_OTpkXCGPhGM.js",-1,-1,-1,-1,-4,-1,-1,-1,-1,-4,Y
"/js-droppers/252b51fa5f69b579b5940b145c58c44c_invoice_scan_j1URXl.docx.js",-1,-1,-1,-1,-4,-1,-1,-1,-1,-4,Y
"/js-droppers/25d70b4d7b8a1760bb0e92a4e9b58d42_scanned_0000757512.doc.js",-1,-1,-1,-1,-4,-1,-1,-1,-1,-4,Y
"/js-droppers/264f7ec54e406291536a4c7c5129668d_scan-0000130289.doc.js",-1,-1,-1,-1,-4,-1,-1,-1,-1,-4,Y
"/js-droppers/26b1bb362b487a80ba81eec350feb975_invoice_copy_KWzaWf0Jlpn.js",-1,-1,-1,-1,-4,-1,-1,-1,-1,-4,Y
"/js-droppers/2b4ee07fc6aa51d0808aa997dbdd8afc_00000859517.doc.js",-1,-1,-1,-1,-4,-1,-1,-1,-1,-4,Y
"/js-droppers/2b78ba5b5d5fafd2c3389cc51034e610_document-000890408.doc.js",-1,-1,-1,-1,-4,-1,-1,-1,-1,-4,Y
"/js-droppers/2eaf4319a7fa009afb17ad99c96f64c8_invoice_copy_bWek1l.js",-1,-1,-1,-1,-4,-1,-1,-1,-1,-4,Y
"/js-droppers/3333e65b452d425e216144acb0154007_fax00000816068.doc.js",-1,-1,-1,-1,-4,-1,-1,-1,-1,-4,Y
"/js-droppers/35028dab002600b6135bb61d67b90746_E-ZPass_000183674.doc.js",-1,-1,-1,-1,-4,-1,-1,-1,-1,-4,Y
"/js-droppers/37827451b28212bafb4deebadf7e727a_img_BNf5L0.js",-1,-1,-1,-1,-4,-1,-1,-1,-1,-4,Y
"/js-droppers/38167e1b4bac665801255769a55afacf_Gewebestruktur_507.pdf.js",-1,-1,-1,-1,-4,-1,-1,-1,-1,-4,Y
"/js-droppers/38c0894234388dc7a7373a4453e0fa94_000695378.doc.js",-1,-1,-1,-1,-4,-1,-1,-1,-1,-4,Y
"/js-droppers/39752704ca42845af0b4e42cb1d86a01_resume.js",-1,-1,-1,-1,-4,-1,-1,-1,-1,-4,Y
"/js-droppers/3a9c2f808718a0caca227c6ace3fc7b9_doc_DZBvmZYItyW.js",-1,-1,-1,-1,-4,-1,-1,-1,-1,-4,Y
"/js-droppers/3b6cb7063885e94a210b1fcca8eff4ca_Court_Notification_0000511885.doc.js",-1,-1,-1,-1,-4,-1,-1,-1,-1,-4,Y
"/js-droppers/3ddc39c88d40aa08c60c5f6101441255_Eloy_Coffey.js",-1,-1,-1,-1,-4,-1,-1,-1,-1,-4,Y
"/js-droppers/3f2b53054001016a28d63d155c5e16c4_document_00000354435.doc.js",-1,-1,-1,-1,-4,-1,-1,-1,-1,-4,Y
"/js-droppers/40b11546f656a82ea5950d3ac00be595_scanned_000522985.doc.js",-1,-1,-1,-1,-4,-1,-1,-1,-1,-4,Y
"/js-droppers/41b20c0dfb7962e7caa8c4290031f70d_doc_tmBHqcKcUyQ.js",-1,-1,-1,-1,-4,-1,-1,-1,-1,-4,Y
"/js-droppers/42cbed5861c4bdd874e8d26b70cdf76b_doc_EcKWggnQQp1.js",-1,-1,-1,-1,-4,-1,-1,-1,-1,-4,Y
"/js-droppers/434750abe25acffa9ace429a55738940_fax.000683796.doc.js",-1,-1,-1,-1,-4,-1,-1,-1,-1,-4,Y
"/js-droppers/43f0b486339e78c39c5ef940246a83ca_resume_1173442506.js",-1,-1,-1,-1,-4,-1,-1,-1,-1,-4,Y
"/js-droppers/45caa955092492c4b6057a407ffe6b2d_scan-000995301.doc.js",-1,-1,-1,-1,-4,-1,-1,-1,-1,-4,Y
"/js-droppers/46b9926d216abd172e210c2984be1b54_Resume_Clement_Spence.js",-1,-1,-1,-1,-4,-1,-1,-1,-1,-4,Y
"/js-droppers/47b8e4c568ccc282a6e743ef4b8c0f54_Sebastian_Compton.js",-1,-1,-1,-1,-4,-1,-1,-1,-1,-4,Y
"/js-droppers/494da830063b9ceb42a3773bebaa7a95_scanned000949661.doc.js",-1,-1,-1,-1,-4,-1,-1,-1,-1,-4,Y
"/js-droppers/49e6185c11f5bca2dafc6d224e19795e_document_00290609.doc.js",-1,-1,-1,-1,-4,-1,-1,-1,-1,-4,Y
"/js-droppers/4abfe22a2e880a9c991f871dab852e66_Conto_30006046.pdf.js",-1,-1,-1,-1,-4,-1,-1,-1,-1,-4,Y
"/js-droppers/4adcc5ecc41114f69642b186b47d7118_invoice_VM2437.js",-1,-1,-1,-1,-4,-1,-1,-1,-1,-4,Y
"/js-droppers/4ba28140989ddc86a7a8e8f3da02ff63_doc_Yf3bJWZoJEI.js",-1,-1,-1,-1,-4,-1,-1,-1,-1,-4,Y
"/js-droppers/4cc99c3a387b55e57a8eec0171b5b6eb_scan_0000999369.doc.js",-1,-1,-1,-1,-4,-1,-1,-1,-1,-4,Y
"/js-droppers/4e8d66b307c26969d03bd8fa3e9824a7_invoice_copy_KOsz7D.js",-1,-1,-1,-1,-4,-1,-1,-1,-1,-4,Y
"/js-droppers/4ea52016ee66eb35267a379fc2998e7c_invoice_3R9x1r.js",-1,-1,-1,-1,-4,-1,-1,-1,-1,-4,Y
"/js-droppers/50b9708235fb0ba4b590b5a95375b9b9_00000229561.doc.js",-1,-1,-1,-1,-4,-1,-1,-1,-1,-4,Y
"/js-droppers/52cccadbed28cc93057c035e8b178cba_00942173.doc.js",-1,-1,-1,-1,-4,-1,-1,-1,-1,-4,Y
"/js-droppers/53e4536692c3224c2ed54f3a8d56d65d_info_RKHu4S1bB6k.js",-1,-1,-1,-1,-4,-1,-1,-1,-1,-4,Y
"/js-droppers/5511c1350f5de65dbfdccdc17dfe3e38_Court_Notification_000834755.doc.js",-1,-1,-1,-1,-4,-1,-1,-1,-1,-4,Y
"/js-droppers/56f5d5ff330740e3624621cb1d0bb3a1_doc_X9I8k7JrimG.js",-1,-1,-1,-1,-4,-1,-1,-1,-1,-4,Y
"/js-droppers/590452c82c03ca4c725596cdf436d0b0_IT495583948394.js",-1,-1,-1,-1,-4,-1,-1,-1,-1,-4,Y
"/js-droppers/598f128aee3ca29c8a073204e764c850_doc.js",-1,-1,-1,-1,-4,-1,-1,-1,-1,-4,Y
"/js-droppers/59c5052b5b38691d6b72c60459a2160c_doc_SSC6MWI1EMT.js",-1,-1,-1,-1,-4,-1,-1,-1,-1,-4,Y
"/js-droppers/5d8fbd9aaa4acbf5f7c35a6a9071c20f_doc.js",-1,-1,-1,-1,-4,-1,-1,-1,-1,-4,Y
"/js-droppers/5e3c8af9ce636a545d6d62c52245b5b7_doc_bJlkwd17QnK.js",-1,-1,-1,-1,-4,-1,-1,-1,-1,-4,Y
"/js-droppers/5e7e3c49f565086004dce7ebf407d6da_scanned0000185336.doc.js",-1,-1,-1,-1,-4,-1,-1,-1,-1,-4,Y
"/js-droppers/5ef94ac0cc6e5069e0823a49b825f19b_scan-000824902.doc.js",-1,-1,-1,-1,-4,-1,-1,-1,-1,-4,Y
"/js-droppers/5f592a9516fa634e1ee3bdb40707499d_fax000573723.doc.js",-1,-1,-1,-1,-4,-1,-1,-1,-1,-4,Y
"/js-droppers/61a4cf73e523e0e87526280fcb355688_invoice_QayK83.js",-1,-1,-1,-1,-4,-1,-1,-1,-1,-4,Y
"/js-droppers/640191e17730433653808aa875e8a183_info_kSpG1bweMQ5.js",-1,-1,-1,-1,-4,-1,-1,-1,-1,-4,Y
"/js-droppers/6467b6025e679fc34f2da4231f5e42fa_scan_000549493.doc.js",-1,-1,-1,-1,-4,-1,-1,-1,-1,-4,Y
"/js-droppers/64f8a27a44e4202076ef8d6314999ee6_info_PXGLD1P8Str.js",-1,-1,-1,-1,-4,-1,-1,-1,-1,-4,Y
"/js-droppers/66817e3a5add68581cf0258c8a2fdf81_invoice_scan_N7YEJb.js",-1,-1,-1,-1,-4,-1,-1,-1,-1,-4,Y
"/js-droppers/6721a3616e4bd381e91f8fd4fc3f4651_doc.js",-1,-1,-1,-1,-4,-1,-1,-1,-1,-4,Y
"/js-droppers/681a5db96378bade19f1a14ac2365605_FedEx_0000525375.doc.js",-1,-1,-1,-1,-4,-1,-1,-1,-1,-4,Y
"/js-droppers/6c288ffe7c54c46fe1473bbbaa1e9f7b_img_SCAN_6FFcG.js",-1,-1,-1,-1,-4,-1,-1,-1,-1,-4,Y
"/js-droppers/6c37c94a69f3761c10b5ebef058666cf_fax0000513565.doc.js",-1,-1,-1,-1,-4,-1,-1,-1,-1,-4,Y
"/js-droppers/6ead2e6e5a7f878be1a0ddb2cf4b61f0_document.0000748287.doc.js",-1,-1,-1,-1,-4,-1,-1,-1,-1,-4,Y
"/js-droppers/7077f78ba8ad90527979b11a4ac5d614_info_Jw5cmYbwVVv.js",-1,-1,-1,-1,-4,-1,-1,-1,-1,-4,Y
"/js-droppers/7326c9cf4de232c8be684fa98fd63f4e_scanned_00875571.doc.js",-1,-1,-1,-1,-4,-1,-1,-1,-1,-4,Y
"/js-droppers/74362d33eb5f6d4f42f82b597bd9ddfb_fax-00000433103.doc.js",-1,-1,-1,-1,-4,-1,-1,-1,-1,-4,Y
"/js-droppers/7475d1df58a7362ca725577192345b7f_task-000904338.doc.js",-1,-1,-1,-1,-4,-1,-1,-1,-1,-4,Y
"/js-droppers/7639c5504f641847116441f236eb7582_invoice_zBLbaY.js",-1,-1,-1,-1,-4,-1,-1,-1,-1,-4,Y
"/js-droppers/77290f994d05ad0add5768c9c040dc55_info.js",-1,-1,-1,-1,-4,-1,-1,-1,-1,-4,Y
"/js-droppers/77eafc30299ef982322b86fdea20857d_Victor_Haynes.js",-1,-1,-1,-1,-4,-1,-1,-1,-1,-4,Y
"/js-droppers/796ea2e8fe056b037f989e2885fc4bea_task-000484023.doc.js",-1,-1,-1,-1,-4,-1,-1,-1,-1,-4,Y
"/js-droppers/79d6a20b24017cf442e64c11c5fcd1ae_invoice_n8wFeY.js",-1,-1,-1,-1,-4,-1,-1,-1,-1,-4,Y
"/js-droppers/7ab32dd2482a7c711ab84d08cc68a04e_My_resume_Lane_Cooley.js",-1,-1,-1,-1,-4,-1,-1,-1,-1,-4,Y
"/js-droppers/7ab8367a8e7711105919c23bbb235f58_invoice_SCAN_WMHgF.js",-1,-1,-1,-1,-4,-1,-1,-1,-1,-4,Y
"/js-droppers/7acc3ff4d9f9e7084fcb37d7db8d6163_resume.js",-1,-1,-1,-1,-4,-1,-1,-1,-1,-4,Y
"/js-droppers/7ade65c25032276b86006c51c68b3279_invoice_copy_7jjhCA.js",-1,-1,-1,-1,-4,-1,-1,-1,-1,-4,Y
"/js-droppers/7ef338b1be20c6b6bbb443694679efa2_invoice_scan_dPFyfS.js",-1,-1,-1,-1,-4,-1,-1,-1,-1,-4,Y
"/js-droppers/7ef5fcf12067e5802c8844eb7829a7ae_000955050.doc.js",-1,-1,-1,-1,-4,-1,-1,-1,-1,-4,Y
"/js-droppers/80f71efdc2d3d62314465a7c29b3bb9a_My_resume_Bennett_Berger.js",-1,-1,-1,-1,-4,-1,-1,-1,-1,-4,Y
"/js-droppers/83200a18ffa2bc5e52ef547905f044f6_invoice_scan_Q7pYE3.js",-1,-1,-1,-1,-4,-1,-1,-1,-1,-4,Y
"/js-droppers/83bd8a778b2119af79bc92177d41358b_task000937700.doc.js",-1,-1,-1,-1,-4,-1,-1,-1,-1,-4,Y
"/js-droppers/84865ec121b473539e11740a3ad43c9a_doc_BWD3y3U3Rwq.js",-1,-1,-1,-1,-4,-1,-1,-1,-1,-4,Y
"/js-droppers/8563c815fdef4ef59181c6aa19d98922_invoice_copy_T9slL1.xls.js",-1,-1,-1,-1,-4,-1,-1,-1,-1,-4,Y
"/js-droppers/8586005f2d663e21202aeda002ad1925_My_resume_Edgar_Yates.js",-1,-1,-1,-1,-4,-1,-1,-1,-1,-4,Y
"/js-droppers/8626b5613c4c1c6eb1405502158093d2_invoice_SCAN_4hSXF.js",-1,-1,-1,-1,-4,-1,-1,-1,-1,-4,Y
"/js-droppers/87e78813c06142f5d93bd40c97372f96_invoice_TPpVCB.js",-1,-1,-1,-1,-4,-1,-1,-1,-1,-4,Y
"/js-droppers/88ae81cc0e2a0b58d21d75f53c63b601_Court_Notification_00733046.doc.js",-1,-1,-1,-1,-4,-1,-1,-1,-1,-4,Y
"/js-droppers/88fbeb9f5b61984604cbac9372ef9c41_invoice_copy_k55X2v5wniR.js",-1,-1,-1,-1,-4,-1,-1,-1,-1,-4,Y
"/js-droppers/89c4df86b20d7aefe84b789322ac4a62_00000632398.doc.js",-1,-1,-1,-1,-4,-1,-1,-1,-1,-4,Y
"/js-droppers/8b6bb4e255862107fef21b5a91f42702_img_copy_1sSgYv.js",-1,-1,-1,-1,-4,-1,-1,-1,-1,-4,Y
"/js-droppers/8c2c6e1c8f8cc931e2d32694bf6cbfdc_doc_RfXik8XV8L5.js",-1,-1,-1,-1,-4,-1,-1,-1,-1,-4,Y
"/js-droppers/8e36816f81ac602a7485d37261aa9ebc_doc_LuWM7AUoyNf.js",-1,-1,-1,-1,-4,-1,-1,-1,-1,-4,Y
"/js-droppers/8e6a81894a25c682d0b565852ced26af_scan-0000730691.doc.js",-1,-1,-1,-1,-4,-1,-1,-1,-1,-4,Y
"/js-droppers/90453c7e9ef1bde4ca4394a5bad4e2a5_Notice_to_Appear_000491405.doc.js",-1,-1,-1,-1,-4,-1,-1,-1,-1,-4,Y
"/js-droppers/9197b7630b8b23534897b3055582ca95_task-00211078.doc.js",-1,-1,-1,-1,-4,-1,-1,-1,-1,-4,Y
"/js-droppers/9212ecda02c5416cae4552db57c2b082_invoice_copy_CByZHr0Lkm5.js",-1,-1,-1,-1,-4,-1,-1,-1,-1,-4,Y
"/js-droppers/93e38c6fbbc994fca232105bc81b5857_invoice_DAzryJ.js",-1,-1,-1,-1,-4,-1,-1,-1,-1,-4,Y
"/js-droppers/96ac172aa1e2b45a7d6794e3178b1805_invoice_V77vRI.js",-1,-1,-1,-1,-4,-1,-1,-1,-1,-4,Y
"/js-droppers/96b13c847e6b2432a6bf4338d6935f6a_info_1aXAmms92hX.js",-1,-1,-1,-1,-4,-1,-1,-1,-1,-4,Y
"/js-droppers/96e5151ec766aeccc7ff17b7238f7c41_scanned-00754689.doc.js",-1,-1,-1,-1,-4,-1,-1,-1,-1,-4,Y
"/js-droppers/97633824b77de77fd3cd46d426366e67_scan-00000874184.doc.js",-1,-1,-1,-1,-4,-1,-1,-1,-1,-4,Y
"/js-droppers/981ca9ea5e54f34f426c17aeee412277_info_fq64tPIv4lF.js",-1,-1,-1,-1,-4,-1,-1,-1,-1,-4,Y
"/js-droppers/9883aeede56cd2f900b6be66171ae1c6_invoice_xQ0FbD.js",-1,-1,-1,-1,-4,-1,-1,-1,-1,-4,Y
"/js-droppers/9c44a2364e1e46313b9229657511358b_invoice_pAcajO.js",-1,-1,-1,-1,-4,-1,-1,-1,-1,-4,Y
"/js-droppers/9cbf9e390e232ea4cf005de400343372_invoice_scan_syA9FP.docx.js",-1,-1,-1,-1,-4,-1,-1,-1,-1,-4,Y
"/js-droppers/9d90ade2f9f73f5de077275d288872ec_invoice_scan_vilGzU.xls.js",-1,-1,-1,-1,-4,-1,-1,-1,-1,-4,Y
"/js-droppers/9de6ea105cb58436a06490fe27a4956d_scan_000648406.doc.js",-1,-1,-1,-1,-4,-1,-1,-1,-1,-4,Y
"/js-droppers/Bruce_Morton_-_documents.js",-1,-1,-1,-1,-4,-1,-1,-1,-1,-4,Y
"/js-droppers/Collin_Richard_-_passport_scans.js",-1,-1,-1,-1,-4,-1,-1,-1,-1,-4,Y
"/js-droppers/Court_Notification_00000315932.doc.js",-1,-1,-1,-1,-4,-1,-1,-1,-1,-4,Y
"/js-droppers/Court_Notification_0000334020.doc.js",-1,-1,-1,-1,-4,-1,-1,-1,-1,-4,Y
"/js-droppers/Court_Notification_000102497.doc.js",-1,-1,-1,-1,-4,-1,-1,-1,-1,-4,Y
"/js-droppers/Court_Notification_000619528.doc.js",-1,-1,-1,-1,-4,-1,-1,-1,-1,-4,Y
"/js-droppers/Court_Notification_00582269.doc.js",-1,-1,-1,-1,-4,-1,-1,-1,-1,-4,Y
"/js-droppers/Court_Notification_00738907.doc.js",-1,-1,-1,-1,-4,-1,-1,-1,-1,-4,Y
"/js-droppers/Delivery_Notification_0000197896.doc.js",-1,-1,-1,-1,-4,-1,-1,-1,-1,-4,Y
"/js-droppers/Delivery_Notification_000240361.doc.js",-1,-1,-1,-1,-4,-1,-1,-1,-1,-4,Y
"/js-droppers/Delivery_Notification_000296571.doc.js",-1,-1,-1,-1,-4,-1,-1,-1,-1,-4,Y
"/js-droppers/Delivery_Notification_000884522.doc.js",-1,-1,-1,-1,-4,-1,-1,-1,-1,-4,Y
"/js-droppers/E-ZPass_00000170428.doc.js",-1,-1,-1,-1,-4,-1,-1,-1,-1,-4,Y
"/js-droppers/E-ZPass_00000313390.doc.js",-1,-1,-1,-1,-4,-1,-1,-1,-1,-4,Y
"/js-droppers/E-ZPass_0000494292.doc.js",-1,-1,-1,-1,-4,-1,-1,-1,-1,-4,Y
"/js-droppers/E-ZPass_0000559859.doc.js",-1,-1,-1,-1,-4,-1,-1,-1,-1,-4,Y
"/js-droppers/E-ZPass_0000979669.doc.js",-1,-1,-1,-1,-4,-1,-1,-1,-1,-4,Y
"/js-droppers/E-ZPass_000255667.doc.js",-1,-1,-1,-1,-4,-1,-1,-1,-1,-4,Y
"/js-droppers/E-ZPass_00342193.doc.js",-1,-1,-1,-1,-4,-1,-1,-1,-1,-4,Y
"/js-droppers/E-ZPass_00771336.doc.js",-1,-1,-1,-1,-4,-1,-1,-1,-1,-4,Y
"/js-droppers/E-ZPass_Invoice_0000855356.doc.js",-1,-1,-1,-1,-4,-1,-1,-1,-1,-4,Y
"/js-droppers/FW:_Edwin_Burnett.js",-1,-1,-1,-1,-4,-1,-1,-1,-1,-4,Y
"/js-droppers/FedEx_00000184599.doc.js",-1,-1,-1,-1,-4,-1,-1,-1,-1,-4,Y
"/js-droppers/FedEx_0000525165.doc.js",-1,-1,-1,-1,-4,-1,-1,-1,-1,-4,Y
"/js-droppers/FedEx_0000694940.doc.js",-1,-1,-1,-1,-4,-1,-1,-1,-1,-4,Y
"/js-droppers/FedEx_00554687.doc.js",-1,-1,-1,-1,-4,-1,-1,-1,-1,-4,Y
"/js-droppers/FedEx_ID_00000236156.doc.js",-1,-1,-1,-1,-4,-1,-1,-1,-1,-4,Y
"/js-droppers/FedEx_ID_000216778.doc.js",-1,-1,-1,-1,-4,-1,-1,-1,-1,-4,Y
"/js-droppers/FedEx_ID_000288580.doc.js",-1,-1,-1,-1,-4,-1,-1,-1,-1,-4,Y
"/js-droppers/FedEx_ID_00345703.doc.js",-1,-1,-1,-1,-4,-1,-1,-1,-1,-4,Y
"/js-droppers/FedEx_ID_00371524.doc.js",-1,-1,-1,-1,-4,-1,-1,-1,-1,-4,Y
"/js-droppers/FedEx_ID_00506668.doc.js",-1,-1,-1,-1,-4,-1,-1,-1,-1,-4,Y
"/js-droppers/FedEx_ID_00608522.doc.js",-1,-1,-1,-1,-4,-1,-1,-1,-1,-4,Y
"/js-droppers/File_0823.js",-1,-1,-1,-1,-4,-1,-1,-1,-1,-4,Y
"/js-droppers/File_3417.js",-1,-1,-1,-1,-4,-1,-1,-1,-1,-4,Y
"/js-droppers/File_3911.js",-1,-1,-1,-1,-4,-1,-1,-1,-1,-4,Y
"/js-droppers/Foto_6967.js",-1,-1,-1,-1,-4,-1,-1,-1,-1,-4,Y
"/js-droppers/Foto_7422.js",-1,-1,-1,-1,-4,-1,-1,-1,-1,-4,Y
"/js-droppers/Foto_7776.js",-1,-1,-1,-1,-4,-1,-1,-1,-1,-4,Y
"/js-droppers/Foto_9430.js",-1,-1,-1,-1,-4,-1,-1,-1,-1,-4,Y
"/js-droppers/GEHRIG__Postal_Notification__0000266675.doc.js",-1,-1,-1,-1,-4,-1,-1,-1,-1,-4,Y
"/js-droppers/IMG_3045.js",-1,-1,-1,-1,-4,-1,-1,-1,-1,-4,Y
"/js-droppers/IMG_8405.js",-1,-1,-1,-1,-4,-1,-1,-1,-1,-4,Y
"/js-droppers/IMG_9455.js",-1,-1,-1,-1,-4,-1,-1,-1,-1,-4,Y
"/js-droppers/Invoice_00532736.doc.js",-1,-1,-1,-1,-4,-1,-1,-1,-1,-4,Y
"/js-droppers/Invoice_852947.js",-1,-1,-1,-1,-4,-1,-1,-1,-1,-4,Y
"/js-droppers/Isiah_Hess_-_My_resume.js",-1,-1,-1,-1,-4,-1,-1,-1,-1,-4,Y
"/js-droppers/Joshua_Powell.js",-1,-1,-1,-1,-4,-1,-1,-1,-1,-4,Y
"/js-droppers/Label_00000158387.doc.js",-1,-1,-1,-1,-4,-1,-1,-1,-1,-4,Y
"/js-droppers/Label_00000216593.doc.js",-1,-1,-1,-1,-4,-1,-1,-1,-1,-4,Y
"/js-droppers/Label_00000741102.doc.js",-1,-1,-1,-1,-4,-1,-1,-1,-1,-4,Y
"/js-droppers/Label_00000963903.doc.js",-1,-1,-1,-1,-4,-1,-1,-1,-1,-4,Y
"/js-droppers/Label_0000801474.doc.js",-1,-1,-1,-1,-4,-1,-1,-1,-1,-4,Y
"/js-droppers/Label_000519210.doc.js",-1,-1,-1,-1,-4,-1,-1,-1,-1,-4,Y
"/js-droppers/Label_000883331.doc.js",-1,-1,-1,-1,-4,-1,-1,-1,-1,-4,Y
"/js-droppers/Label_00233958.doc.js",-1,-1,-1,-1,-4,-1,-1,-1,-1,-4,Y
"/js-droppers/Label_00614046.doc.js",-1,-1,-1,-1,-4,-1,-1,-1,-1,-4,Y
"/js-droppers/Lewis_Kim.js",-1,-1,-1,-1,-4,-1,-1,-1,-1,-4,Y
"/js-droppers/Lyle_Travis.js",-1,-1,-1,-1,-4,-1,-1,-1,-1,-4,Y
"/js-droppers/Maynard_Mills.js",-1,-1,-1,-1,-4,-1,-1,-1,-1,-4,Y
"/js-droppers/My_Resume.js",-1,-1,-1,-1,-4,-1,-1,-1,-1,-4,Y
"/js-droppers/My_Resume_-_Junior_Harding.js",-1,-1,-1,-1,-4,-1,-1,-1,-1,-4,Y
"/js-droppers/NADINE__Postal_Status__0000652166.doc.js",-1,-1,-1,-1,-4,-1,-1,-1,-1,-4,Y
"/js-droppers/Notice_to_Appear_00000367101.doc.js",-1,-1,-1,-1,-4,-1,-1,-1,-1,-4,Y
"/js-droppers/Notice_to_Appear_00000929398.doc.js",-1,-1,-1,-1,-4,-1,-1,-1,-1,-4,Y
"/js-droppers/Notice_to_Appear_0000398660.doc.js",-1,-1,-1,-1,-4,-1,-1,-1,-1,-4,Y
"/js-droppers/Notice_to_Appear_0000420260.doc.js",-1,-1,-1,-1,-4,-1,-1,-1,-1,-4,Y
"/js-droppers/Notice_to_Appear_0000461549.doc.js",-1,-1,-1,-1,-4,-1,-1,-1,-1,-4,Y
"/js-droppers/Notice_to_Appear_0000893857.doc.js",-1,-1,-1,-1,-4,-1,-1,-1,-1,-4,Y
"/js-droppers/Notice_to_Appear_0000922120.doc.js",-1,-1,-1,-1,-4,-1,-1,-1,-1,-4,Y
"/js-droppers/Notice_to_Appear_000348496.doc.js",-1,-1,-1,-1,-4,-1,-1,-1,-1,-4,Y
"/js-droppers/Notice_to_Appear_00218304.doc.js",-1,-1,-1,-1,-4,-1,-1,-1,-1,-4,Y
"/js-droppers/Notice_to_Appear_00664870.doc.js",-1,-1,-1,-1,-4,-1,-1,-1,-1,-4,Y
"/js-droppers/Notice_to_Appear_00834279.doc.js",-1,-1,-1,-1,-4,-1,-1,-1,-1,-4,Y
"/js-droppers/Payment_Confirmation_#358948.js",-1,-1,-1,-1,-4,-1,-1,-1,-1,-4,Y
"/js-droppers/Photo_0777.js",-1,-1,-1,-1,-4,-1,-1,-1,-1,-4,Y
"/js-droppers/Photo_1138.js",-1,-1,-1,-1,-4,-1,-1,-1,-1,-4,Y
"/js-droppers/Photo_3425.js",-1,-1,-1,-1,-4,-1,-1,-1,-1,-4,Y
"/js-droppers/Photo_5838.js",-1,-1,-1,-1,-4,-1,-1,-1,-1,-4,Y
"/js-droppers/Photo_7107.js",-1,-1,-1,-1,-4,-1,-1,-1,-1,-4,Y
"/js-droppers/Rechnung.zip_Rechnung.pdf.js",-1,-1,-1,-1,-4,-1,-1,-1,-1,-4,Y
"/js-droppers/Reservation_IMG_7898.js",-1,-1,-1,-1,-4,-1,-1,-1,-1,-4,Y
"/js-droppers/Resume_-_Shawn_Morse.js",-1,-1,-1,-1,-4,-1,-1,-1,-1,-4,Y
"/js-droppers/Your_order_No._385733_has_been_declined.js",-1,-1,-1,-1,-4,-1,-1,-1,-1,-4,Y
"/js-droppers/a2e11a167a055dc824a4695b04ccc8a5_img.js",-1,-1,-1,-1,-4,-1,-1,-1,-1,-4,Y
"/js-droppers/a36d5bfb4e1fe4582610f8e7df64121d_doc_SQ10Fn6SRM3.js",-1,-1,-1,-1,-4,-1,-1,-1,-1,-4,Y
"/js-droppers/a3f5ac38921ff4c2c3e857a20d99957d_info.js",-1,-1,-1,-1,-4,-1,-1,-1,-1,-4,Y
"/js-droppers/a58198eb927521d1a0d28973da4db270_invoice_scan_T4d7t3.js",-1,-1,-1,-1,-4,-1,-1,-1,-1,-4,Y
"/js-droppers/a5f133f7bca70241543e45c9451b2cf9_img.js",-1,-1,-1,-1,-4,-1,-1,-1,-1,-4,Y
"/js-droppers/a6efcd55ecc9e2a7e03b8e654d11c1b0_invoice_scan_wvsp53.js",-1,-1,-1,-1,-4,-1,-1,-1,-1,-4,Y
"/js-droppers/a7b9a1a36e1abbd069fc71c5a0b9ce57_info_dsGXKpNZbAT.js",-1,-1,-1,-1,-4,-1,-1,-1,-1,-4,Y
"/js-droppers/a9c9d4b7c5db68b65672e2e858b552cf_invoice_wiFl2a.xls.js",-1,-1,-1,-1,-4,-1,-1,-1,-1,-4,Y
"/js-droppers/ab60f00e84b51787a0ee0fcc2b3db979_fax00311294.doc.js",-1,-1,-1,-1,-4,-1,-1,-1,-1,-4,Y
"/js-droppers/ad17f6d5299258e3b0043e6c3c9eb5f9_scanned-00309989.doc.js",-1,-1,-1,-1,-4,-1,-1,-1,-1,-4,Y
"/js-droppers/afc1254ad3aabdfe631aab5d315bdc0c_info_vJt45s8aiaU.js",-1,-1,-1,-1,-4,-1,-1,-1,-1,-4,Y
"/js-droppers/b0c8255dc90631599b482ba657697896_scan_00659086.doc.js",-1,-1,-1,-1,-4,-1,-1,-1,-1,-4,Y
"/js-droppers/b140835f67ec919bc2568b1f9518d78c_img_vgZpLe.js",-1,-1,-1,-1,-4,-1,-1,-1,-1,-4,Y
"/js-droppers/b3a03eda82aee35928fe43e461ed98f8_invoice_copy_uLkd4K.js",-1,-1,-1,-1,-4,-1,-1,-1,-1,-4,Y
"/js-droppers/b53924993a488ab1c368bd727195a025_document_00182629.doc.js",-1,-1,-1,-1,-4,-1,-1,-1,-1,-4,Y
"/js-droppers/b673b51b24ae0961978152faf2176e54_Delivery_Notification_0000383239.doc.js",-1,-1,-1,-1,-4,-1,-1,-1,-1,-4,Y
"/js-droppers/b9289e6100a45a4d2f71be299df4de6d_invoice_scan_RmNOnI.xls.js",-1,-1,-1,-1,-4,-1,-1,-1,-1,-4,Y
"/js-droppers/b95fa1f4275dbe799177ea2f2a68db7e_info_qP3xsBXESfL.js",-1,-1,-1,-1,-4,-1,-1,-1,-1,-4,Y
"/js-droppers/b974110b6de607a991c10adb7ea78a0a_invoice_copy_RtVXY4iDwX2.js",-1,-1,-1,-1,-4,-1,-1,-1,-1,-4,Y
"/js-droppers/bc7ed0714d53bf8e33469632b0b732d9_doc_dKi1dKmR6l8.js",-1,-1,-1,-1,-4,-1,-1,-1,-1,-4,Y
"/js-droppers/bce7023bdcf23ed8d5254ce3367e23d5_statement.js",-1,-1,-1,-1,-4,-1,-1,-1,-1,-4,Y
"/js-droppers/bd213058ed57ee623a229943fe956220_document-0000682687.doc.js",-1,-1,-1,-1,-4,-1,-1,-1,-1,-4,Y
"/js-droppers/bdf745980c093b6fc42f00ba3cacc57d_doc_bYs3Es2nDAO.js",-1,-1,-1,-1,-4,-1,-1,-1,-1,-4,Y
"/js-droppers/c0e52d521fe0cc84ff5b411c47423afd_task-000993344.doc.js",-1,-1,-1,-1,-4,-1,-1,-1,-1,-4,Y
"/js-droppers/c103c26607ef7bf347d1ae94189f09fd_invoice_qiYXES.js",-1,-1,-1,-1,-4,-1,-1,-1,-1,-4,Y
"/js-droppers/c1450b0afd7e5a7ea22177c471d6f6c1_Court_Notification_000406563.doc.js",-1,-1,-1,-1,-4,-1,-1,-1,-1,-4,Y
"/js-droppers/c16448271c2252f6d83933ec09cc9d0c_00867542.doc.js",-1,-1,-1,-1,-4,-1,-1,-1,-1,-4,Y
"/js-droppers/c251b2de959bd7a9c75878a6d24f2761_Gerald_Pena.js",-1,-1,-1,-1,-4,-1,-1,-1,-1,-4,Y
"/js-droppers/c4136a9f1975dcb619af6f729ca16d1a_img_sc8o6F.js",-1,-1,-1,-1,-4,-1,-1,-1,-1,-4,Y
"/js-droppers/c505b9190014677e08eec0f016208c8d_Notice_to_Appear_00000255820.doc.js",-1,-1,-1,-1,-4,-1,-1,-1,-1,-4,Y
"/js-droppers/c665eb994f4a0d929749fd1307f38d17_img.js",-1,-1,-1,-1,-4,-1,-1,-1,-1,-4,Y
"/js-droppers/c69ebfc9894a86e3ec0d3b3201e0146c_Mohammad_Cordova.js",-1,-1,-1,-1,-4,-1,-1,-1,-1,-4,Y
"/js-droppers/c6a705ca695d03b0671396c168daf0ac_invoice_JCylu4.js",-1,-1,-1,-1,-4,-1,-1,-1,-1,-4,Y
"/js-droppers/c80ec1bb253789953b5c4c9873e37b53_00000668098.doc.js",-1,-1,-1,-1,-4,-1,-1,-1,-1,-4,Y
"/js-droppers/c81b4512546575d3c080d10ac86173e8_scanned.0000925811.doc.js",-1,-1,-1,-1,-4,-1,-1,-1,-1,-4,Y
"/js-droppers/cc913668723c47bb2bd0966beb90a206_Notice_to_Appear_00000161105.doc.js",-1,-1,-1,-1,-4,-1,-1,-1,-1,-4,Y
"/js-droppers/cd7be7a8bac893c8578401ec33875f67_info_HsUxzD2EF52.js",-1,-1,-1,-1,-4,-1,-1,-1,-1,-4,Y
"/js-droppers/cdc15f4b2a4a8dd726a53ec585dd1138_Informazione_1534.pdf.js",-1,-1,-1,-1,-4,-1,-1,-1,-1,-4,Y
"/js-droppers/cf322eee2133d3ea2bff056487f96589_resume_0561792011.js",-1,-1,-1,-1,-4,-1,-1,-1,-1,-4,Y
"/js-droppers/cf8f0c914e4196c76886303aecda903f_00109467.doc.js",-1,-1,-1,-1,-4,-1,-1,-1,-1,-4,Y
"/js-droppers/cfc6b85b8c5057aba491ee904161b7a4_Tax_Refund_00204251_Processed.doc.js",-1,-1,-1,-1,-4,-1,-1,-1,-1,-4,Y
"/js-droppers/d0b06477a69a7853a8ea953fd7310ffd_scanned00259309.doc.js",-1,-1,-1,-1,-4,-1,-1,-1,-1,-4,Y
"/js-droppers/d19cfa942a781be1e3453c149781a648_invoice_copy_bMkMR2.js",-1,-1,-1,-1,-4,-1,-1,-1,-1,-4,Y
"/js-droppers/d57f0e81897a902b2aca5213ec36b5b5_invoice_copy_RWV4Ri.js",-1,-1,-1,-1,-4,-1,-1,-1,-1,-4,Y
"/js-droppers/d6fa6cc2a1ed666caa11bd0151218d44_doc_oNclhFavq3q.js",-1,-1,-1,-1,-4,-1,-1,-1,-1,-4,Y
"/js-droppers/d9b1e5eaeb21f120f28e2b776a33ee9a_0000792183.doc.js",-1,-1,-1,-1,-4,-1,-1,-1,-1,-4,Y
"/js-droppers/dc29cb9627e92fff21d794cdbff918df_invoice_G7P9Xx.js",-1,-1,-1,-1,-4,-1,-1,-1,-1,-4,Y
"/js-droppers/de3043221ad10752ec6f73014bcbe6f4_img.js",-1,-1,-1,-1,-4,-1,-1,-1,-1,-4,Y
"/js-droppers/ded03a00ae8738ca3e9564f0d2d81b2d_Brady_Baldwin.js",-1,-1,-1,-1,-4,-1,-1,-1,-1,-4,Y
"/js-droppers/documents_and_passport_scans.js",-1,-1,-1,-1,-4,-1,-1,-1,-1,-4,Y
"/js-droppers/e2ba2fd1b60558ad63615b1be6854c37_invoice_copy_RN9d1pvMiXX.js",-1,-1,-1,-1,-4,-1,-1,-1,-1,-4,Y
"/js-droppers/e379bd9f3bf63bacddd858f4a978688a_America_Airlines_Ticket_00000609561.doc.js",-1,-1,-1,-1,-4,-1,-1,-1,-1,-4,Y
"/js-droppers/e3ea77d30d5f78b8e59ae5e97c255a73_invoice_sIbZa6.js",-1,-1,-1,-1,-4,-1,-1,-1,-1,-4,Y
"/js-droppers/e5194886430ab8ef45c7922993b23bbc_scanned-00714557.doc.js",-1,-1,-1,-1,-4,-1,-1,-1,-1,-4,Y
"/js-droppers/e6955678f01a142d7f00244387111df5_output68.js",-1,-1,-1,-1,-4,-1,-1,-1,-1,-4,Y
"/js-droppers/e8fb7d28766bedce701eaa2616fc5cb7_info_pcZUHr0gKSF.js",-1,-1,-1,-1,-4,-1,-1,-1,-1,-4,Y
"/js-droppers/ea2491377f9c0dc669002101e2f76167_doc_GcxdHfLcHfv.js",-1,-1,-1,-1,-4,-1,-1,-1,-1,-4,Y
"/js-droppers/ea8482f3d89132928ff2d754d6f1243b_doc_KH7U42GpGYF.js",-1,-1,-1,-1,-4,-1,-1,-1,-1,-4,Y
"/js-droppers/eae6790afbd2f2356d48b5be64bbb791_resume.js",-1,-1,-1,-1,-4,-1,-1,-1,-1,-4,Y
"/js-droppers/ebedf60a71e1e6a6899484307623f013_invoice_L92K9K.js",-1,-1,-1,-1,-4,-1,-1,-1,-1,-4,Y
"/js-droppers/ec1f2e9ca4bfe5e85d99ed0807220298_kostenaufwand_70595094.pdf.js",-1,-1,-1,-1,-4,-1,-1,-1,-1,-4,Y
"/js-droppers/eca8241881f6adea2fcae04d6be3ff7f_img_copy_wkpOTQ.js",-1,-1,-1,-1,-4,-1,-1,-1,-1,-4,Y
"/js-droppers/ecc608acbf0562f244b799aac49a5497_document_000665832.doc.js",-1,-1,-1,-1,-4,-1,-1,-1,-1,-4,Y
"/js-droppers/eebadc8774534e3115ab98c23b1d1bd6_invoice304-29.js",-1,-1,-1,-1,-4,-1,-1,-1,-1,-4,Y
"/js-droppers/eed3486578a30ada2c3850dba0e0790d_Desmond_Mccann.js",-1,-1,-1,-1,-4,-1,-1,-1,-1,-4,Y
"/js-droppers/f2ce75a44f1673cd5ae9d1f37f7e18b3_dokument_952.pdf.js",-1,-1,-1,-1,-4,-1,-1,-1,-1,-4,Y
"/js-droppers/f37d32809ba53d99a01a1dffe33a8752_Resume_Scottie_Daniel.js",-1,-1,-1,-1,-4,-1,-1,-1,-1,-4,Y
"/js-droppers/f39bce829406e6579f89c98aa4d86020_Edgar_Newton.js",-1,-1,-1,-1,-4,-1,-1,-1,-1,-4,Y
"/js-droppers/f3f2d9e6f53520f3020d54c2a6706889_doc_KT8BwmtUTli.js",-1,-1,-1,-1,-4,-1,-1,-1,-1,-4,Y
"/js-droppers/f5c3d18ebe9c81f098d4b8ce7c7dec54_invoice_scan_H8oKRg.js",-1,-1,-1,-1,-4,-1,-1,-1,-1,-4,Y
"/js-droppers/f7a45419dbd166c29747efd8f184301c_Notice_to_Appear_0000632325.doc.js",-1,-1,-1,-1,-4,-1,-1,-1,-1,-4,Y
"/js-droppers/f89e386977f2a10c709d925c673b823c_invoice_cc0mlo.js",-1,-1,-1,-1,-4,-1,-1,-1,-1,-4,Y
"/js-droppers/f96a37a0fc5de361af5a64515f21c481_doc.js",-1,-1,-1,-1,-4,-1,-1,-1,-1,-4,Y
"/js-droppers/fbd586d09abc11460f0c28ae62538f76_img_ZL8MKf.js",-1,-1,-1,-1,-4,-1,-1,-1,-1,-4,Y
"/js-droppers/fd87ea4f270fb6c25711b6adfd031342_doc.js",-1,-1,-1,-1,-4,-1,-1,-1,-1,-4,Y
"/js-droppers/foto_6883.js",-1,-1,-1,-1,-4,-1,-1,-1,-1,-4,Y
"/js-droppers/image_1657.js",-1,-1,-1,-1,-4,-1,-1,-1,-1,-4,Y
"/js-droppers/image_6604.js",-1,-1,-1,-1,-4,-1,-1,-1,-1,-4,Y
"/js-droppers/img_6183.js",-1,-1,-1,-1,-4,-1,-1,-1,-1,-4,Y
"/js-droppers/img_8674.js",-1,-1,-1,-1,-4,-1,-1,-1,-1,-4,Y
"/js-droppers/photo_1433.js",-1,-1,-1,-1,-4,-1,-1,-1,-1,-4,Y
"/js-droppers/photo_8043.js",-1,-1,-1,-1,-4,-1,-1,-1,-1,-4,Y
"/js-droppers/shoot_0763.js",-1,-1,-1,-1,-4,-1,-1,-1,-1,-4,Y
"/js-droppers/shoot_5817.js",-1,-1,-1,-1,-4,-1,-1,-1,-1,-4,Y
"/legitimate-injected/1/deobfuscated.js",-1,-1,-1,-1,-4,-1,-1,-1,-1,-4,Y
"/legitimate-injected/1/injected_code.js",1,1,1,0,3,1,1,1,0,3,Y
"/legitimate-injected/2/deobfuscated.js",-1,-1,-1,-1,-4,-1,-1,-1,-1,-4,Y
"/legitimate-injected/2/injected.js",1,1,1,0,3,1,1,1,0,3,Y
"/legitimate-injected/20min_042016/20min_variant.js",-1,-1,-1,-1,-4,-1,-1,-1,-1,-4,Y
"/legitimate-injected/3/deobfuscated.js",-1,-1,-1,-1,-4,-1,-1,-1,-1,-4,Y
"/legitimate-injected/3/injected.js",-1,-1,-1,-1,-4,-1,-1,-1,-1,-4,Y
"/misc/0515php_layer2_FlashEK_2014-06-06.js",-1,-1,-1,-1,-4,-1,-1,-1,-1,-4,Y
"/misc/2015-07-17-malicious-javascript-from-stepanovichon.com.js",1,1,1,0,3,1,1,1,0,3,Y
"/misc/2015-07-17-malicious-javascript-from-stepanovichon.com_deobfuscated.js",1,1,0,0,2,1,1,0,0,2,Y
"/misc/drive-by_googl_ignore.js",-1,-1,-1,-1,-4,-1,-1,-1,-1,-4,Y
"/misc/nucleotide.js",-1,-1,-1,-1,-4,-1,-1,-1,-1,-4,Y
"/misc/private_exploit_pack_cve.js",-1,-1,-1,-1,-4,-1,-1,-1,-1,-4,Y
"/misc/rogue_phonecalls/Postquittung_Version_fur_PC.js",-1,-1,-1,-1,-4,-1,-1,-1,-1,-4,Y
"/misc/rogue_phonecalls/Postquittung_Version_fur_PC_deobfuscated.js",-1,-1,-1,-1,-4,-1,-1,-1,-1,-4,Y
"/misc/rogue_phonecalls/prototype.js",-1,-1,-1,-1,-4,-1,-1,-1,-1,-4,Y
"/misc/rogue_phonecalls/prototype_deobfuscated.js",-1,-1,-1,-1,-4,-1,-1,-1,-1,-4,Y
"/misc/seo_poisoning_1.js",0,0,1,0,1,0,0,1,0,1,Y
"/misc/seo_poisoning_2.js",-1,-1,-1,-1,-4,-1,-1,-1,-1,-4,Y
"/misc/seo_poisoning_deobfuscated.js",-1,-1,-1,-1,-4,-1,-1,-1,-1,-4,Y
"/misc/site-130746.js",0,0,1,0,1,0,0,1,0,1,Y
