RANK,SITE,#THIRD_URL-cookie-get,#THIRD_DOMAIN-cookie-get,#THIRD_URL-cookie-set,#THIRD_DOMAIN-cookie-set,#THIRD_URL-cookie,#THIRD_DOMAIN-cookie,#THIRD_URL-DOM,#THIRD_DOMAIN-DOM,#THIRD_URL-NET,#THIRD_DOMAIN-NET
1,"google.com",1,1,1,1,1,1,0,0,0,0
2,"youtube.com",1,1,1,1,1,1,0,0,0,0
4,"tmall.com",6,2,6,2,6,2,0,0,0,0
5,"baidu.com",0,0,0,0,0,0,3,2,1,1
6,"qq.com",1,1,1,1,1,1,0,0,0,0
7,"sohu.com",7,6,7,6,7,6,6,6,6,4
8,"taobao.com",8,2,8,2,8,2,1,1,1,1
9,"jd.com",1,1,1,1,1,1,0,0,0,0
10,"360.cn",1,1,1,1,1,1,2,2,0,0
11,"yahoo.com",0,0,0,0,0,0,2,1,0,0
12,"amazon.com",1,1,1,1,1,1,4,1,1,1
14,"weibo.com",3,2,3,2,3,2,2,1,1,1
15,"zoom.us",4,2,4,2,4,2,1,1,3,2
16,"sina.com.cn",3,2,3,2,3,2,1,1,0,0
17,"xinhuanet.com",0,0,0,0,0,0,5,2,1,1
18,"live.com",0,0,0,0,0,0,4,3,0,0
19,"office.com",1,1,1,1,1,1,1,1,0,0
20,"netflix.com",4,3,4,3,4,3,0,0,4,2
24,"zhanqi.tv",2,1,2,1,2,1,1,1,0,0
25,"alipay.com",9,3,9,3,9,3,3,3,2,1
26,"csdn.net",9,3,9,3,9,3,2,2,1,1
27,"panda.tv",1,1,1,1,1,1,0,0,0,0
28,"bing.com",0,0,0,0,0,0,0,0,4,1
29,"coinmarketcap.com",2,2,2,2,2,2,0,0,0,0
30,"vk.com",3,2,3,2,3,2,0,0,0,0
31,"bongacams.com",1,1,1,1,1,1,0,0,0,0
32,"yahoo.co.jp",2,2,2,2,2,2,9,2,1,1
33,"twitter.com",1,1,1,1,1,1,2,2,0,0
34,"naver.com",0,0,0,0,0,0,4,2,0,0
37,"salesforce.com",9,5,9,5,9,5,1,1,4,3
39,"linkedin.com",17,3,17,3,17,3,10,2,13,2
40,"chaturbate.com",2,2,2,2,2,2,6,2,0,0
41,"okezone.com",6,6,6,6,6,6,5,3,3,3
43,"binance.com",6,3,6,3,6,3,0,0,2,2
44,"aliexpress.com",16,4,16,4,16,4,1,1,0,0
45,"ebay.com",1,1,1,1,1,1,0,0,0,0
46,"tianya.cn",4,2,4,2,4,2,1,1,0,0
47,"huanqiu.com",4,4,4,4,4,4,3,3,0,0
48,"aparat.com",1,1,1,1,1,1,0,0,0,0
50,"mail.ru",2,2,2,2,2,2,0,0,0,0
51,"wordpress.com",2,2,2,2,2,2,6,2,3,2
53,"tradingview.com",1,1,1,1,1,1,1,1,1,1
54,"dropbox.com",0,0,0,0,0,0,2,2,1,1
59,"indeed.com",1,1,1,1,1,1,0,0,0,0
60,"medium.com",2,2,2,2,2,2,3,2,4,3
61,"chase.com",0,0,0,0,0,0,0,0,1,1
63,"kumparan.com",2,2,2,2,2,2,2,2,1,1
64,"zoho.com",7,4,7,4,7,4,3,3,1,1
67,"spotify.com",15,11,15,11,15,11,7,5,10,6
68,"freepik.com",2,1,2,1,2,1,1,1,0,0
69,"imdb.com",1,1,1,1,1,1,5,1,0,0
73,"upwork.com",4,2,4,2,4,2,0,0,0,0
74,"cnblogs.com",5,3,5,3,5,3,1,1,1,1
75,"paypal.com",5,1,5,1,5,1,0,0,4,2
77,"so.com",4,1,4,1,4,1,4,2,0,0
78,"tribunnews.com",5,4,5,4,5,4,5,4,1,1
79,"gome.com.cn",0,0,0,0,0,0,1,1,0,0
80,"pikiran-rakyat.com",2,2,2,2,2,2,6,4,1,1
81,"babytree.com",3,2,3,2,3,2,4,2,0,0
82,"alibaba.com",10,2,10,2,10,2,1,1,1,1
84,"instructure.com",8,7,8,7,8,7,2,2,2,1
85,"github.com",0,0,0,0,0,0,0,0,1,1
86,"w3schools.com",4,3,4,3,4,3,1,1,3,3
88,"booking.com",6,3,6,3,6,3,2,2,2,1
89,"6.cn",4,1,4,1,4,1,2,1,1,1
91,"rakuten.co.jp",13,4,13,4,13,4,11,2,1,1
95,"espn.com",7,4,7,4,7,4,2,2,1,1
96,"udemy.com",5,5,5,5,5,5,1,1,3,2
97,"xvideos.com",0,0,0,0,0,0,1,1,0,0
98,"roblox.com",1,1,1,1,1,1,1,1,1,1
100,"grammarly.com",10,5,10,5,10,5,1,1,5,2
102,"stackoverflow.com",1,1,1,1,1,1,4,2,3,3
103,"pornhub.com",2,1,2,1,2,1,1,1,1,1
104,"nytimes.com",7,6,7,6,7,6,3,3,3,2
105,"1688.com",11,2,11,2,11,2,1,1,0,0
106,"bbc.com",5,4,5,4,5,4,1,1,1,1
107,"xhamster.com",2,1,2,1,2,1,2,1,0,0
109,"wetransfer.com",1,1,1,1,1,1,0,0,0,0
110,"mailchimp.com",2,2,2,2,2,2,0,0,2,1
111,"intuit.com",8,6,8,6,8,6,2,2,3,3
113,"tumblr.com",0,0,0,0,0,0,1,1,1,1
114,"bitly.com",6,3,6,3,6,3,8,4,2,2
115,"cnn.com",5,4,5,4,5,4,1,1,4,3
116,"godaddy.com",9,4,9,4,9,4,2,2,3,1
118,"deepl.com",3,1,3,1,3,1,0,0,1,1
120,"imgur.com",2,2,2,2,2,2,3,3,1,1
121,"ettoday.net",8,4,8,4,8,4,3,3,3,2
122,"bankofamerica.com",2,1,2,1,2,1,5,1,1,1
123,"zillow.com",3,3,3,3,3,3,7,3,2,2
125,"kompas.com",8,4,8,4,8,4,1,1,1,1
128,"stackexchange.com",2,2,2,2,2,2,2,2,1,1
129,"daum.net",4,1,4,1,4,1,5,2,4,2
130,"zhihu.com",4,4,4,4,4,4,2,1,1,1
131,"ok.ru",1,1,1,1,1,1,0,0,1,1
132,"digikala.com",3,2,3,2,3,2,0,0,1,1
133,"indiatimes.com",3,3,3,3,3,3,2,2,1,1
134,"detik.com",9,4,9,4,9,4,4,3,3,3
135,"hao123.com",1,1,1,1,1,1,0,0,0,0
137,"rednet.cn",5,2,5,2,5,2,0,0,0,0
139,"shutterstock.com",4,4,4,4,4,4,0,0,3,2
140,"wix.com",5,2,5,2,5,2,6,4,0,0
141,"smallpdf.com",1,1,1,1,1,1,0,0,1,1
142,"pixnet.net",1,1,1,1,1,1,0,0,0,0
144,"zerodha.com",0,0,0,0,0,0,1,1,0,0
145,"soundcloud.com",2,2,2,2,2,2,0,0,2,2
146,"wellsfargo.com",2,1,2,1,2,1,1,1,0,0
147,"line.me",4,1,4,1,4,1,2,2,0,0
151,"etherscan.io",1,1,1,1,1,1,0,0,0,0
153,"bbc.co.uk",6,2,6,2,6,2,0,0,0,0
154,"nih.gov",7,6,7,6,7,6,2,2,2,2
155,"bestbuy.com",2,1,2,1,2,1,3,2,0,0
156,"tistory.com",2,1,2,1,2,1,1,1,0,0
158,"speedtest.net",5,4,5,4,5,4,0,0,2,2
159,"docusign.com",2,2,2,2,2,2,0,0,0,0
160,"trendyol.com",2,2,2,2,2,2,0,0,1,1
161,"pancakeswap.finance",1,1,1,1,1,1,0,0,0,0
162,"americanexpress.com",17,5,17,5,17,5,5,2,5,1
163,"mediafire.com",2,1,2,1,2,1,3,2,0,0
164,"ups.com",3,3,3,3,3,3,0,0,0,0
165,"haiwainet.cn",3,3,3,3,3,3,4,3,0,0
166,"primevideo.com",1,1,1,1,1,1,1,1,0,0
168,"bet9ja.com",2,2,2,2,2,2,2,2,1,1
169,"vimeo.com",5,3,5,3,5,3,6,3,4,3
170,"hdfcbank.com",0,0,0,0,0,0,2,1,1,1
171,"fedex.com",5,4,5,4,5,4,0,0,2,2
172,"unsplash.com",1,1,1,1,1,1,0,0,0,0
174,"investing.com",6,5,6,5,6,5,7,5,5,4
175,"globo.com",4,3,4,3,4,3,1,1,4,2
177,"etsy.com",2,2,2,2,2,2,2,2,0,0
179,"cnbc.com",8,5,8,5,8,5,1,1,4,4
180,"avito.ru",3,3,3,3,3,3,3,2,1,1
182,"yelp.com",10,7,10,7,10,7,2,2,4,3
183,"cricbuzz.com",3,3,3,3,3,3,2,1,2,2
184,"forbes.com",6,4,6,4,6,4,1,1,2,2
185,"varzesh3.com",5,3,5,3,5,3,2,2,2,1
187,"researchgate.net",2,2,2,2,2,2,3,3,0,0
188,"uol.com.br",23,11,23,11,23,11,13,6,8,6
189,"theguardian.com",0,0,0,0,0,0,0,0,1,1
190,"farfetch.com",1,1,1,1,1,1,1,1,0,0
191,"suara.com",4,3,4,3,4,3,2,2,1,1
192,"box.com",1,1,1,1,1,1,0,0,0,0
193,"washingtonpost.com",9,7,9,7,9,7,3,3,3,3
194,"wix.com",5,2,5,2,5,2,6,4,0,0
196,"grid.id",16,12,16,12,16,12,6,6,4,4
197,"metropoles.com",8,6,8,6,8,6,0,0,3,2
199,"behance.net",1,1,1,1,1,1,1,1,1,1
202,"cnet.com",2,2,2,2,2,2,0,0,3,2
203,"poocoin.app",2,1,2,1,2,1,0,0,1,1
204,"homedepot.com",12,4,12,4,12,4,1,1,2,2
205,"hulu.com",3,2,3,2,3,2,0,0,0,0
207,"ikea.com",5,3,5,3,5,3,0,0,2,1
208,"sogou.com",1,1,1,1,1,1,0,0,0,0
209,"businessinsider.com",11,7,11,7,11,7,4,3,2,2
210,"icicibank.com",1,1,1,1,1,1,1,1,0,0
212,"istockphoto.com",12,8,12,8,12,8,4,4,4,3
214,"zendesk.com",2,2,2,2,2,2,0,0,0,0
216,"chess.com",1,1,1,1,1,1,0,0,1,1
217,"linktr.ee",12,8,12,8,12,8,3,2,3,3
220,"remove.bg",3,3,3,3,3,3,5,1,0,0
221,"360.com",3,2,3,2,3,2,4,3,0,0
222,"coursera.org",3,3,3,3,3,3,1,1,0,0
223,"adp.com",4,4,4,4,4,4,0,0,1,1
224,"espncricinfo.com",9,7,9,7,9,7,5,5,6,4
225,"xnxx.com",1,1,1,1,1,1,1,1,0,0
226,"target.com",1,1,1,1,1,1,0,0,0,0
229,"telewebion.com",2,2,2,2,2,2,0,0,1,1
230,"ltn.com.tw",6,5,6,5,6,5,5,4,2,2
232,"moneycontrol.com",13,7,13,7,13,7,6,2,5,5
234,"weather.com",1,1,1,1,1,1,0,0,1,1
235,"ndtv.com",4,4,4,4,4,4,7,4,2,2
236,"state.gov",3,3,3,3,3,3,2,2,1,1
237,"scribd.com",1,1,1,1,1,1,1,1,1,1
238,"hootsuite.com",1,1,1,1,1,1,2,2,0,0
239,"slack.com",3,3,3,3,3,3,5,1,2,1
240,"shopee.tw",2,2,2,2,2,2,0,0,0,0
241,"china.com",8,3,8,3,8,3,0,0,0,0
242,"thepiratebay.org",1,1,1,1,1,1,0,0,2,2
244,"skype.com",2,1,2,1,2,1,1,1,0,0
245,"hbomax.com",6,5,6,5,6,5,1,1,4,3
246,"foxnews.com",5,2,5,2,5,2,2,1,0,0
247,"mercari.com",5,5,5,5,5,5,4,4,2,2
249,"bloomberg.com",1,1,1,1,1,1,0,0,1,1
250,"airtable.com",5,4,5,4,5,4,0,0,4,3
251,"youm7.com",8,5,8,5,8,5,1,1,3,3
252,"ebay.de",3,1,3,1,3,1,2,2,0,0
253,"sahibinden.com",9,7,9,7,9,7,2,2,4,3
254,"manoramaonline.com",9,6,9,6,9,6,6,3,5,3
255,"merdeka.com",8,4,8,4,8,4,5,2,4,2
256,"ask.com",3,2,3,2,3,2,1,1,1,1
259,"taboola.com",1,1,1,1,1,1,1,1,0,0
261,"slideshare.net",0,0,0,0,0,0,1,1,0,0
262,"hp.com",4,3,4,3,4,3,1,1,3,2
263,"tencent.com",0,0,0,0,0,0,1,1,0,0
265,"proiezionidiborsa.it",1,1,1,1,1,1,0,0,0,0
266,"mozilla.org",1,1,1,1,1,1,0,0,0,0
267,"rt.com",5,4,5,4,5,4,6,2,1,1
269,"blackboard.com",4,3,4,3,4,3,3,2,2,2
270,"ca.gov",2,2,2,2,2,2,3,2,1,1
271,"themeforest.net",5,5,5,5,5,5,7,4,2,2
272,"aliexpress.ru",18,7,18,7,18,7,3,1,3,2
273,"ebay.co.uk",1,1,1,1,1,1,0,0,0,0
277,"dailymotion.com",2,2,2,2,2,2,0,0,1,1
278,"steamcommunity.com",0,0,0,0,0,0,2,1,0,0
280,"wordpress.org",1,1,1,1,1,1,1,1,0,0
281,"amazon.it",0,0,0,0,0,0,1,1,0,0
282,"squarespace.com",40,10,40,10,40,10,3,2,3,1
283,"japanpost.jp",1,1,1,1,1,1,0,0,0,0
284,"indiamart.com",9,6,9,6,9,6,1,1,2,2
285,"rokna.net",2,2,2,2,2,2,1,1,1,1
286,"amazon.es",0,0,0,0,0,0,1,1,0,0
287,"dell.com",6,3,6,3,6,3,7,2,5,2
288,"khtahmar.com",0,0,0,0,0,0,1,1,0,0
289,"td.com",33,6,33,6,33,6,3,3,4,3
290,"nike.com",2,2,2,2,2,2,3,2,1,1
291,"ria.ru",1,1,1,1,1,1,2,1,1,1
292,"samsung.com",3,2,3,2,3,2,0,0,0,0
295,"orange.fr",3,2,3,2,3,2,7,2,1,1
296,"sberbank.ru",3,2,3,2,3,2,1,1,0,0
297,"discord.com",1,1,1,1,1,1,0,0,0,0
298,"dailymail.co.uk",1,1,1,1,1,1,0,0,0,0
301,"donya-e-eqtesad.com",6,2,6,2,6,2,1,1,1,1
302,"setn.com",16,7,16,7,16,7,4,3,2,2
303,"aol.com",2,2,2,2,2,2,7,2,2,2
304,"kapanlagi.com",4,4,4,4,4,4,1,1,1,1
305,"focus.cn",6,1,6,1,6,1,5,4,7,2
306,"rakuten.com",8,6,8,6,8,6,0,0,1,1
307,"patreon.com",6,2,6,2,6,2,0,0,1,1
308,"glassdoor.com",2,2,2,2,2,2,1,1,1,1
309,"lazada.sg",7,3,7,3,7,3,2,1,0,0
310,"freshdesk.com",17,13,17,13,17,13,6,5,4,3
315,"plantvsundead.com",1,1,1,1,1,1,1,1,0,0
316,"flickr.com",1,1,1,1,1,1,0,0,1,1
317,"evernote.com",2,2,2,2,2,2,0,0,0,0
318,"ih5.cn",1,1,1,1,1,1,0,0,0,0
319,"ozon.ru",1,1,1,1,1,1,0,0,0,0
321,"gusuwang.com",1,1,1,1,1,1,1,1,0,0
322,"crowdworks.jp",4,3,4,3,4,3,5,5,1,1
323,"rambler.ru",3,2,3,2,3,2,0,0,0,0
325,"op.gg",1,1,1,1,1,1,0,0,0,0
326,"deviantart.com",1,1,1,1,1,1,2,1,2,1
327,"issuu.com",2,2,2,2,2,2,0,0,0,0
328,"kundelik.kz",3,2,3,2,3,2,0,0,0,0
329,"namasha.com",0,0,0,0,0,0,1,1,1,1
330,"reuters.com",7,6,7,6,7,6,3,3,1,1
331,"typeform.com",2,2,2,2,2,2,0,0,2,1
333,"albawabhnews.com",5,2,5,2,5,2,2,2,1,1
334,"webex.com",4,4,4,4,4,4,0,0,2,1
335,"thesaurus.com",4,3,4,3,4,3,0,0,5,4
336,"uchi.ru",3,3,3,3,3,3,4,2,1,1
337,"schwab.com",1,1,1,1,1,1,0,0,0,0
338,"tripadvisor.com",0,0,0,0,0,0,1,1,1,1
339,"11st.co.kr",2,2,2,2,2,2,0,0,0,0
340,"mathrubhumi.com",0,0,0,0,0,0,2,2,0,0
341,"in.gr",2,2,2,2,2,2,4,3,0,0
342,"goodreads.com",4,3,4,3,4,3,4,3,2,2
343,"hamariweb.com",5,5,5,5,5,5,3,2,3,3
344,"surveymonkey.com",1,1,1,1,1,1,1,1,2,1
345,"seekingalpha.com",3,3,3,3,3,3,2,1,1,1
346,"ebay-kleinanzeigen.de",1,1,1,1,1,1,1,1,0,0
347,"eatthis.com",5,5,5,5,5,5,1,1,4,3
348,"xbytessolutions.com",1,1,1,1,1,1,0,0,0,0
349,"shareasale.com",1,1,1,1,1,1,3,1,0,0
350,"abs-cbn.com",7,5,7,5,7,5,3,3,1,1
351,"tudou.com",8,2,8,2,8,2,0,0,0,0
352,"ensonhaber.com",3,3,3,3,3,3,3,1,2,2
353,"shopee.co.id",2,2,2,2,2,2,0,0,0,0
354,"irctc.co.in",1,1,1,1,1,1,0,0,1,1
355,"shopee.com.my",2,2,2,2,2,2,0,0,0,0
356,"shein.com",3,3,3,3,3,3,0,0,0,0
360,"marketwatch.com",3,2,3,2,3,2,0,0,2,2
361,"emojipedia.org",2,2,2,2,2,2,0,0,4,3
362,"bluehost.com",3,3,3,3,3,3,0,0,0,0
363,"cj.com",4,3,4,3,4,3,1,1,1,1
364,"oracle.com",9,5,9,5,9,5,3,2,0,0
365,"citi.com",2,1,2,1,2,1,2,2,1,1
366,"filimo.com",1,1,1,1,1,1,0,0,0,0
367,"aliyun.com",5,1,5,1,5,1,1,1,0,0
369,"ameblo.jp",2,2,2,2,2,2,2,2,2,2
370,"trello.com",4,4,4,4,4,4,3,3,0,0
371,"etrade.com",22,10,22,10,22,10,7,3,1,1
372,"trustpilot.com",27,17,27,17,27,17,17,7,6,2
373,"nikkei.com",5,4,5,4,5,4,1,1,0,0
374,"canada.ca",1,1,1,1,1,1,0,0,0,0
375,"eghtesadnews.com",3,1,3,1,3,1,3,2,3,2
377,"nypost.com",4,3,4,3,4,3,2,2,3,3
378,"bukalapak.com",3,2,3,2,3,2,0,0,0,0
379,"news18.com",2,2,2,2,2,2,6,3,2,2
380,"axieinfinity.com",2,1,2,1,2,1,4,1,0,0
381,"iqbroker.com",17,7,17,7,17,7,0,0,1,1
382,"ladbible.com",5,5,5,5,5,5,1,1,2,2
383,"inquirer.net",4,4,4,4,4,4,2,2,0,0
384,"breitbart.com",3,3,3,3,3,3,6,3,5,4
385,"goo.ne.jp",5,4,5,4,5,4,2,2,3,3
386,"convertio.co",3,3,3,3,3,3,2,2,1,1
387,"constantcontact.com",8,7,8,7,8,7,5,3,1,1
388,"rctiplus.com",3,3,3,3,3,3,2,2,1,1
389,"feedly.com",3,2,3,2,3,2,1,1,0,0
390,"cnnindonesia.com",9,5,9,5,9,5,2,2,7,4
391,"ouedkniss.com",3,2,3,2,3,2,0,0,0,0
392,"theverge.com",5,4,5,4,5,4,1,1,1,1
393,"it168.com",4,3,4,3,4,3,3,3,0,0
394,"vaghtesobh.com",3,2,3,2,3,2,1,1,1,1
395,"irs.gov",0,0,0,0,0,0,3,2,0,0
396,"fc2.com",1,1,1,1,1,1,1,1,0,0
397,"pipedrive.com",9,7,9,7,9,7,3,1,7,5
399,"eventbrite.com",8,3,8,3,8,3,1,1,1,1
402,"mytheresa.com",2,2,2,2,2,2,0,0,0,0
403,"biobiochile.cl",2,1,2,1,2,1,6,3,2,1
404,"wix.com",5,2,5,2,5,2,6,4,0,0
405,"patch.com",5,3,5,3,5,3,2,2,2,1
406,"ebc.net.tw",4,3,4,3,4,3,1,1,1,1
407,"alodokter.com",3,3,3,3,3,3,1,1,0,0
412,"nextdoor.com",2,2,2,2,2,2,2,2,2,1
413,"clickbank.com",12,8,12,8,12,8,3,2,5,5
414,"meesho.com",3,2,3,2,3,2,3,1,0,0
415,"marriott.com",4,3,4,3,4,3,0,0,3,3
416,"weblio.jp",4,3,4,3,4,3,3,2,2,2
417,"dingtalk.com",7,2,7,2,7,2,1,1,0,0
418,"fool.com",5,5,5,5,5,5,8,5,2,2
419,"teachable.com",9,7,9,7,9,7,1,1,2,2
422,"zol.com.cn",6,2,6,2,6,2,4,2,0,0
423,"tabelog.com",12,6,12,6,12,6,8,3,3,3
425,"webmd.com",10,6,10,6,10,6,4,2,7,6
427,"usatoday.com",3,2,3,2,3,2,1,1,3,2
428,"aajtak.in",7,7,7,7,7,7,3,2,4,4
429,"cnbcindonesia.com",10,5,10,5,10,5,8,5,9,5
430,"buzzfeed.com",5,5,5,5,5,5,4,4,3,3
431,"gsmarena.com",2,1,2,1,2,1,2,1,1,1
434,"dianping.com",1,1,1,1,1,1,0,0,0,0
435,"onlyfans.com",1,1,1,1,1,1,1,1,0,0
436,"outbrain.com",1,1,1,1,1,1,0,0,0,0
437,"saednews.com",2,2,2,2,2,2,4,2,2,1
438,"rottentomatoes.com",3,3,3,3,3,3,2,2,2,2
439,"online-convert.com",3,3,3,3,3,3,0,0,2,1
440,"hatenablog.com",6,4,6,4,6,4,10,5,2,1
441,"heavy.com",1,1,1,1,1,1,0,0,0,0
442,"tejaratnews.com",12,3,12,3,12,3,8,3,4,3
444,"itmedia.co.jp",11,7,11,7,11,7,5,5,2,2
445,"coursehero.com",1,1,1,1,1,1,0,0,0,0
446,"free.fr",1,1,1,1,1,1,1,1,2,2
447,"npr.org",2,2,2,2,2,2,0,0,0,0
448,"cnbeta.com",1,1,1,1,1,1,0,0,0,0
449,"eastmoney.com",1,1,1,1,1,1,0,0,0,0
450,"apollo.io",4,4,4,4,4,4,2,1,1,1
451,"nicovideo.jp",5,2,5,2,5,2,3,3,0,0
452,"verizon.com",6,3,6,3,6,3,1,1,5,4
453,"premierleague.com",2,2,2,2,2,2,1,1,1,1
454,"udn.com",2,2,2,2,2,2,0,0,1,1
455,"academia.edu",2,2,2,2,2,2,7,4,1,1
456,"tdameritrade.com",15,6,15,6,15,6,0,0,2,2
457,"douban.com",3,2,3,2,3,2,3,1,1,1
458,"livejournal.com",0,0,0,0,0,0,1,1,0,0
459,"vnexpress.net",10,4,10,4,10,4,5,2,1,1
460,"divar.ir",5,2,5,2,5,2,0,0,2,2
461,"xbox.com",1,1,1,1,1,1,3,3,1,1
462,"shopee.co.th",2,2,2,2,2,2,0,0,0,0
463,"oschina.net",2,2,2,2,2,2,6,2,1,1
464,"shopee.vn",2,2,2,2,2,2,0,0,0,0
465,"zcool.com.cn",2,2,2,2,2,2,0,0,2,2
466,"hostgator.com",6,6,6,6,6,6,2,2,1,1
467,"worldometers.info",4,2,4,2,4,2,1,1,0,0
468,"lolesports.com",2,2,2,2,2,2,0,0,1,1
469,"pngtree.com",0,0,0,0,0,0,0,0,1,1
470,"marca.com",1,1,1,1,1,1,0,0,1,1
471,"onet.pl",2,2,2,2,2,2,0,0,0,0
472,"iqiyi.com",1,1,1,1,1,1,0,0,0,0
473,"hotmart.com",9,6,9,6,9,6,0,0,1,1
474,"nba.com",8,5,8,5,8,5,1,1,2,2
475,"vidio.com",5,2,5,2,5,2,4,2,3,2
476,"runoob.com",1,1,1,1,1,1,0,0,0,0
477,"w3school.com.cn",1,1,1,1,1,1,0,0,0,0
478,"oxu.az",2,2,2,2,2,2,0,0,0,0
480,"gate.io",2,1,2,1,2,1,0,0,1,1
481,"tutorialspoint.com",1,1,1,1,1,1,0,0,0,0
483,"huaban.com",4,3,4,3,4,3,0,0,1,1
485,"lever.co",1,1,1,1,1,1,0,0,0,0
486,"appsumo.com",17,9,17,9,17,9,7,5,4,2
487,"payu.in",2,2,2,2,2,2,0,0,2,2
489,"weebly.com",0,0,0,0,0,0,2,2,0,0
492,"dmm.co.jp",3,2,3,2,3,2,1,1,1,1
494,"iyiou.com",1,1,1,1,1,1,0,0,0,0
495,"idntimes.com",4,3,4,3,4,3,2,2,1,1
496,"juntadeandalucia.es",2,1,2,1,2,1,0,0,0,0
497,"qualtrics.com",5,4,5,4,5,4,4,1,2,1
498,"indianexpress.com",4,3,4,3,4,3,1,1,3,3
500,"discover.com",2,1,2,1,2,1,1,1,1,1
501,"merriam-webster.com",10,6,10,6,10,6,8,3,4,3
502,"kakaku.com",8,7,8,7,8,7,8,6,2,2
503,"lenovo.com",5,4,5,4,5,4,1,1,2,2
504,"gmarket.co.kr",3,2,3,2,3,2,4,2,0,0
505,"sourceforge.net",6,3,6,3,6,3,1,1,0,0
506,"xero.com",4,3,4,3,4,3,0,0,1,1
507,"eksisozluk.com",2,2,2,2,2,2,5,3,0,0
509,"crypto.com",2,2,2,2,2,2,1,1,1,1
510,"meituan.com",2,1,2,1,2,1,0,0,0,0
513,"duolingo.com",2,2,2,2,2,2,0,0,2,1
514,"jawapos.com",13,7,13,7,13,7,7,4,2,2
515,"cint.com",3,2,3,2,3,2,8,2,0,0
516,"9gag.com",1,1,1,1,1,1,0,0,0,0
517,"prtimes.jp",2,2,2,2,2,2,1,1,1,1
521,"onesignal.com",1,1,1,1,1,1,5,2,0,0
522,"cambridge.org",14,9,14,9,14,9,3,3,5,3
523,"xe.com",3,2,3,2,3,2,1,1,0,0
526,"ftx.com",2,2,2,2,2,2,1,1,1,1
527,"poki.com",0,0,0,0,0,0,4,1,0,0
528,"hindustantimes.com",1,1,1,1,1,1,3,1,2,2
529,"hubspot.com",9,9,9,9,9,9,2,2,4,4
530,"wordpress.com",2,2,2,2,2,2,6,2,3,2
532,"indiatoday.in",6,4,6,4,6,4,4,1,2,2
533,"104.com.tw",13,3,13,3,13,3,3,1,1,1
534,"ebay.com.au",1,1,1,1,1,1,0,0,0,0
537,"freecodecamp.org",2,2,2,2,2,2,1,1,1,1
538,"kickstarter.com",2,2,2,2,2,2,3,2,2,2
540,"chsi.com.cn",4,2,4,2,4,2,2,1,0,0
541,"dw.com",2,1,2,1,2,1,0,0,0,0
543,"rediff.com",2,2,2,2,2,2,3,3,3,2
546,"medicalnewstoday.com",1,1,1,1,1,1,0,0,1,1
547,"amazon.com.au",1,1,1,1,1,1,0,0,0,0
548,"addthis.com",0,0,0,0,0,0,1,1,0,0
549,"viva.co.id",4,3,4,3,4,3,2,2,1,1
551,"epicgames.com",1,1,1,1,1,1,2,1,0,0
552,"creditkarma.com",6,1,6,1,6,1,5,2,3,2
554,"eqxiu.com",1,1,1,1,1,1,0,0,0,0
556,"cbssports.com",3,3,3,3,3,3,9,4,2,1
558,"tass.ru",2,2,2,2,2,2,1,1,0,0
560,"slickdeals.net",13,9,13,9,13,9,4,2,3,3
561,"asus.com",7,7,7,7,7,7,3,2,3,2
562,"cloudflare.com",4,3,4,3,4,3,1,1,2,2
563,"uptodown.com",8,4,8,4,8,4,9,2,4,3
565,"tandfonline.com",4,4,4,4,4,4,0,0,3,3
566,"highspot.com",2,2,2,2,2,2,2,2,0,0
568,"caixa.gov.br",2,1,2,1,2,1,1,1,0,0
570,"kuronekoyamato.co.jp",6,2,6,2,6,2,2,1,1,1
571,"iherb.com",2,1,2,1,2,1,5,2,0,0
572,"discogs.com",6,6,6,6,6,6,8,4,6,5
573,"iobit.com",1,1,1,1,1,1,1,1,1,1
574,"daraz.pk",13,4,13,4,13,4,1,1,2,2
575,"rbc.ru",4,4,4,4,4,4,1,1,1,1
576,"india.com",4,4,4,4,4,4,4,4,2,2
577,"torob.com",7,4,7,4,7,4,3,1,4,3
578,"agoda.com",2,2,2,2,2,2,0,0,0,0
579,"pandora.com",3,3,3,3,3,3,0,0,0,0
580,"chron.com",8,7,8,7,8,7,1,1,4,4
581,"t-online.de",1,1,1,1,1,1,1,1,0,0
582,"netsuite.com",2,2,2,2,2,2,0,0,1,1
583,"nhk.or.jp",1,1,1,1,1,1,0,0,0,0
585,"kooora.com",6,5,6,5,6,5,2,2,1,1
588,"wp.pl",2,2,2,2,2,2,0,0,0,0
589,"elwatannews.com",8,4,8,4,8,4,2,2,3,3
590,"ebay.fr",1,1,1,1,1,1,0,0,0,0
591,"dbs.com.sg",7,3,7,3,7,3,0,0,3,3
592,"cdc.gov",1,1,1,1,1,1,0,0,1,1
593,"yjc.news",1,1,1,1,1,1,0,0,1,1
594,"olx.pl",6,6,6,6,6,6,1,1,2,2
597,"techcrunch.com",2,2,2,2,2,2,0,0,1,1
598,"cybozu.com",1,1,1,1,1,1,0,0,0,0
599,"t20worldcup.com",1,1,1,1,1,1,1,1,0,0
600,"lentainform.com",0,0,0,0,0,0,2,2,0,0
601,"libero.it",5,4,5,4,5,4,0,0,2,2
603,"redbubble.com",5,4,5,4,5,4,0,0,2,1
604,"nfl.com",5,4,5,4,5,4,1,1,2,2
605,"shiprocket.in",5,4,5,4,5,4,5,3,1,1
606,"zalo.me",5,3,5,3,5,3,1,1,0,0
607,"southwest.com",1,1,1,1,1,1,1,1,0,0
608,"parsfootball.com",1,1,1,1,1,1,1,1,3,2
609,"www.gov.cn",0,0,0,0,0,0,1,1,0,0
611,"house365.com",5,2,5,2,5,2,2,1,1,1
612,"usbank.com",4,1,4,1,4,1,0,0,0,0
613,"mheducation.com",5,4,5,4,5,4,0,0,3,2
614,"namecheap.com",6,6,6,6,6,6,5,1,4,3
615,"ivi.ru",1,1,1,1,1,1,1,1,0,0
616,"shippingchina.com",0,0,0,0,0,0,1,1,0,0
617,"go.com",5,2,5,2,5,2,6,3,1,1
618,"livemint.com",6,5,6,5,6,5,1,1,3,3
619,"trontv.com",2,2,2,2,2,2,0,0,1,1
621,"kakao.com",1,1,1,1,1,1,0,0,0,0
623,"nur.kz",5,5,5,5,5,5,0,0,1,1
627,"experian.com",9,6,9,6,9,6,6,3,5,4
628,"mynavi.jp",1,1,1,1,1,1,0,0,0,0
630,"biblegateway.com",2,2,2,2,2,2,1,1,1,1
631,"steampowered.com",0,0,0,0,0,0,1,1,0,0
632,"soccer24.com",1,1,1,1,1,1,1,1,2,1
633,"engadget.com",1,1,1,1,1,1,0,0,1,1
634,"okta.com",2,1,2,1,2,1,0,0,0,0
635,"metamask.io",1,1,1,1,1,1,0,0,0,0
636,"timeanddate.com",1,1,1,1,1,1,0,0,1,1
637,"wiley.com",7,6,7,6,7,6,3,3,1,1
638,"norton.com",6,6,6,6,6,6,1,1,0,0
639,"elpais.com",7,4,7,4,7,4,0,0,1,1
640,"gridoto.com",11,7,11,7,11,7,2,2,1,1
642,"groww.in",1,1,1,1,1,1,0,0,1,1
643,"jb51.net",5,2,5,2,5,2,1,1,0,0
645,"healthline.com",1,1,1,1,1,1,0,0,1,1
647,"labanquepostale.fr",1,1,1,1,1,1,5,2,0,0
648,"wordreference.com",1,1,1,1,1,1,0,0,1,1
649,"mayoclinic.org",4,4,4,4,4,4,1,1,0,0
650,"hurriyet.com.tr",6,6,6,6,6,6,0,0,5,4
651,"kontan.co.id",8,8,8,8,8,8,2,2,5,5
653,"draken.tech",2,1,2,1,2,1,0,0,0,0
654,"getpocket.com",2,2,2,2,2,2,1,1,2,1
655,"qiita.com",4,4,4,4,4,4,2,2,3,3
656,"dostor.org",5,4,5,4,5,4,1,1,6,5
658,"visitbeijing.com.cn",2,2,2,2,2,2,0,0,0,0
662,"newegg.com",3,2,3,2,3,2,0,0,2,1
663,"pixiv.net",4,4,4,4,4,4,5,4,1,1
665,"gtmetrix.com",1,1,1,1,1,1,0,0,0,0
666,"gyazo.com",1,1,1,1,1,1,0,0,0,0
667,"oeeee.com",1,1,1,1,1,1,1,1,1,1
668,"kemdikbud.go.id",1,1,1,1,1,1,2,2,0,0
669,"finviz.com",2,2,2,2,2,2,0,0,1,1
671,"dmm.com",9,5,9,5,9,5,5,4,2,2
677,"southcn.com",1,1,1,1,1,1,7,1,1,1
680,"soft98.ir",2,2,2,2,2,2,0,0,1,1
681,"moneyforward.com",5,2,5,2,5,2,1,1,0,0
682,"uidai.gov.in",0,0,0,0,0,0,2,2,0,0
684,"bhaskar.com",2,2,2,2,2,2,1,1,1,1
685,"europa.eu",3,1,3,1,3,1,7,1,1,1
686,"shomanews.com",1,1,1,1,1,1,0,0,0,0
688,"bancobai.ao",1,1,1,1,1,1,3,1,0,0
689,"3dmgame.com",1,1,1,1,1,1,0,0,0,0
690,"rapidgator.net",1,1,1,1,1,1,1,1,0,0
692,"wrike.com",0,0,0,0,0,0,2,1,0,0
693,"iweihai.cn",1,1,1,1,1,1,1,1,0,0
695,"people.com",11,10,11,10,11,10,6,6,8,7
696,"manychat.com",4,2,4,2,4,2,0,0,0,0
700,"bscscan.com",1,1,1,1,1,1,0,0,0,0
701,"shopee.sg",2,2,2,2,2,2,0,0,0,0
702,"prothomalo.com",9,5,9,5,9,5,1,1,6,4
703,"ukr.net",3,3,3,3,3,3,0,0,1,1
704,"inb.network",1,1,1,1,1,1,0,0,0,0
706,"auction.co.kr",10,2,10,2,10,2,3,1,2,1
708,"livedoor.com",5,3,5,3,5,3,2,2,2,2
709,"hsbc.com.hk",5,4,5,4,5,4,3,2,1,1
710,"statista.com",2,2,2,2,2,2,5,1,3,2
711,"roozaneh.net",2,1,2,1,2,1,0,0,0,0
713,"genpi.co",5,5,5,5,5,5,5,1,3,3
714,"walgreens.com",4,2,4,2,4,2,0,0,2,2
716,"lazada.co.th",12,5,12,5,12,5,1,1,0,0
717,"ecer.com",1,1,1,1,1,1,0,0,0,0
718,"51sole.com",0,0,0,0,0,0,1,1,0,0
719,"nicehash.com",2,1,2,1,2,1,0,0,1,1
720,"nobitex.ir",1,1,1,1,1,1,1,1,0,0
721,"bolasport.com",9,8,9,8,9,8,5,4,2,2
722,"rfi.fr",2,2,2,2,2,2,0,0,2,2
723,"jotform.com",1,1,1,1,1,1,2,1,1,1
724,"coconala.com",2,2,2,2,2,2,1,1,1,1
725,"pixlr.com",1,1,1,1,1,1,0,0,0,0
727,"worksmobile.com",1,1,1,1,1,1,1,1,0,0
728,"amazon.sa",0,0,0,0,0,0,1,1,0,0
729,"tesla.com",1,1,1,1,1,1,0,0,0,0
730,"wondershare.com",8,4,8,4,8,4,1,1,4,4
732,"basketball24.com",1,1,1,1,1,1,1,1,2,1
733,"www.gov.br",3,2,3,2,3,2,1,1,1,1
735,"youporn.com",4,2,4,2,4,2,1,1,2,2
736,"mi.com",8,5,8,5,8,5,1,1,2,2
738,"cars.com",3,3,3,3,3,3,0,0,1,1
739,"binance.us",3,3,3,3,3,3,0,0,0,0
740,"hh.ru",5,4,5,4,5,4,4,3,1,1
741,"pearson.com",6,3,6,3,6,3,1,1,1,1
742,"autodesk.com",1,1,1,1,1,1,0,0,0,0
743,"cjdropshipping.com",7,4,7,4,7,4,4,2,2,1
744,"consultant.ru",1,1,1,1,1,1,0,0,0,0
745,"thestartmagazine.com",2,2,2,2,2,2,0,0,0,0
746,"codecanyon.net",5,5,5,5,5,5,6,4,2,2
747,"laodong.vn",3,3,3,3,3,3,3,2,0,0
748,"mydrivers.com",3,2,3,2,3,2,0,0,0,0
749,"pcmag.com",9,4,9,4,9,4,0,0,1,1
750,"alimama.com",7,2,7,2,7,2,0,0,0,0
751,"keywordtool.io",6,3,6,3,6,3,0,0,1,1
752,"mit.edu",4,1,4,1,4,1,3,3,0,0
753,"sarkariresult.com",7,5,7,5,7,5,4,4,3,3
754,"storm.mg",4,4,4,4,4,4,0,0,2,2
755,"kp.ru",4,3,4,3,4,3,4,3,2,2
756,"almaghreb24.com",3,3,3,3,3,3,1,1,1,1
758,"yeniakit.com.tr",5,3,5,3,5,3,1,1,4,3
759,"hotjar.com",2,2,2,2,2,2,0,0,1,1
760,"cisco.com",3,3,3,3,3,3,1,1,2,1
761,"semrush.com",3,3,3,3,3,3,5,4,1,1
763,"clickpost.jp",1,1,1,1,1,1,0,0,0,0
765,"stocktwits.com",2,2,2,2,2,2,6,6,6,5
766,"olx.ua",5,5,5,5,5,5,6,1,1,1
767,"domaintools.com",1,1,1,1,1,1,0,0,0,0
768,"sbisec.co.jp",16,10,16,10,16,10,9,5,1,1
769,"qoo10.sg",1,1,1,1,1,1,0,0,0,0
772,"kdslife.com",3,2,3,2,3,2,0,0,0,0
773,"milliyet.com.tr",8,7,8,7,8,7,3,3,6,4
774,"dcinside.com",2,2,2,2,2,2,3,2,1,1
775,"icims.com",3,2,3,2,3,2,0,0,0,0
776,"douyu.com",3,1,3,1,3,1,1,1,1,1
777,"elephantbet.co.ao",2,1,2,1,2,1,0,0,0,0
778,"britannica.com",8,5,8,5,8,5,3,3,4,4
779,"wish.com",3,2,3,2,3,2,1,1,0,0
780,"tinkoff.ru",4,1,4,1,4,1,0,0,2,1
781,"thingiverse.com",6,4,6,4,6,4,5,3,4,4
784,"mydramalist.com",1,1,1,1,1,1,0,0,2,2
785,"renren.com",1,1,1,1,1,1,0,0,0,0
786,"warriorplus.com",1,1,1,1,1,1,1,1,1,1
787,"commonapp.org",3,3,3,3,3,3,0,0,2,2
788,"people.com.cn",3,2,3,2,3,2,2,1,0,0
789,"nhl.com",5,4,5,4,5,4,2,2,2,2
790,"vanguard.com",1,1,1,1,1,1,0,0,0,0
791,"thepaper.cn",1,1,1,1,1,1,2,1,1,1
792,"opensooq.com",1,1,1,1,1,1,0,0,1,1
793,"star-clicks.com",1,1,1,1,1,1,4,2,1,1
794,"interia.pl",7,5,7,5,7,5,3,3,3,2
795,"cyol.com",1,1,1,1,1,1,1,1,0,0
796,"shopify.com",5,4,5,4,5,4,1,1,0,0
797,"ny.gov",2,2,2,2,2,2,0,0,1,1
798,"filmix.ac",0,0,0,0,0,0,0,0,1,1
799,"onelogin.com",6,5,6,5,6,5,1,1,1,1
800,"lifo.gr",3,3,3,3,3,3,3,3,0,0
801,"processon.com",0,0,0,0,0,0,2,2,0,0
802,"crazyegg.com",3,2,3,2,3,2,3,1,0,0
804,"ahram.org.eg",2,2,2,2,2,2,0,0,2,2
805,"jocial.com",1,1,1,1,1,1,3,2,0,0
806,"flashscore.com",1,1,1,1,1,1,1,1,2,1
807,"nbcnews.com",7,4,7,4,7,4,1,1,3,2
808,"bestlifeonline.com",4,4,4,4,4,4,1,1,1,1
810,"ssa.gov",3,3,3,3,3,3,3,3,1,1
811,"ebrun.com",3,1,3,1,3,1,3,1,2,1
812,"ezgif.com",3,3,3,3,3,3,1,1,2,2
813,"poshmark.com",15,9,15,9,15,9,8,6,1,1
814,"disqus.com",1,1,1,1,1,1,1,1,1,1
815,"rtl-theme.com",5,3,5,3,5,3,0,0,2,2
817,"localbitcoins.com",0,0,0,0,0,0,2,2,1,1
818,"tmz.com",2,2,2,2,2,2,0,0,1,1
819,"gap.com",3,2,3,2,3,2,0,0,1,1
821,"zdf.de",1,1,1,1,1,1,0,0,2,1
822,"thegatewaypundit.com",7,7,7,7,7,7,5,5,5,5
825,"u.gg",2,2,2,2,2,2,2,2,4,4
826,"redtube.com",3,3,3,3,3,3,2,2,0,0
827,"digistore24.com",2,2,2,2,2,2,1,1,1,1
828,"qafqazinfo.az",2,2,2,2,2,2,1,1,1,1
829,"t-mobile.com",9,6,9,6,9,6,3,1,3,2
830,"autotrader.com",1,1,1,1,1,1,2,2,1,1
831,"girls-like.me",1,1,1,1,1,1,0,0,1,1
832,"xjtu.edu.cn",0,0,0,0,0,0,1,1,0,0
834,"wplay.co",4,3,4,3,4,3,2,2,1,1
835,"jornaldeangola.ao",1,1,1,1,1,1,0,0,0,0
836,"ncrangola.com",1,1,1,1,1,1,5,1,0,0
837,"lazada.com.my",15,6,15,6,15,6,2,2,1,1
838,"dawn.com",2,2,2,2,2,2,0,0,1,1
839,"upstox.com",5,3,5,3,5,3,2,2,0,0
841,"asahi.com",8,5,8,5,8,5,3,3,3,3
842,"auth0.com",3,3,3,3,3,3,2,1,2,1
843,"hangseng.com",3,3,3,3,3,3,1,1,1,1
844,"arzdigital.com",2,1,2,1,2,1,1,1,1,1
845,"elmundo.es",7,5,7,5,7,5,1,1,3,3
846,"springer.com",1,1,1,1,1,1,0,0,0,0
847,"mufg.jp",9,4,9,4,9,4,1,1,1,1
849,"shopstyle.com",2,1,2,1,2,1,2,2,0,0
850,"ameba.jp",5,4,5,4,5,4,5,4,2,2
851,"iliangcang.com",0,0,0,0,0,0,2,1,0,0
852,"android.com",2,2,2,2,2,2,0,0,1,1
853,"52pk.com",17,2,17,2,17,2,4,1,0,0
855,"as.com",4,2,4,2,4,2,3,3,2,2
856,"kijiji.ca",1,1,1,1,1,1,1,1,1,1
857,"anjuke.com",2,2,2,2,2,2,1,1,0,0
858,"nature.com",13,10,13,10,13,10,6,2,5,4
859,"tsichuan.com",1,1,1,1,1,1,0,0,0,0
860,"eluniverso.com",6,6,6,6,6,6,10,5,1,1
861,"znds.com",3,2,3,2,3,2,1,1,3,2
862,"mailerlite.com",9,8,9,8,9,8,4,4,4,3
863,"thethao247.vn",5,4,5,4,5,4,2,2,2,2
864,"playstation.com",1,1,1,1,1,1,1,1,4,1
865,"sofascore.com",3,3,3,3,3,3,0,0,3,2
866,"privatbank.ua",1,1,1,1,1,1,2,1,0,0
867,"exoclick.com",2,2,2,2,2,2,1,1,2,1
868,"sozcu.com.tr",5,4,5,4,5,4,1,1,3,3
869,"livescore.com",1,1,1,1,1,1,0,0,1,1
870,"free.fr",1,1,1,1,1,1,1,1,2,2
873,"neshanonline.com",4,2,4,2,4,2,2,2,2,2
874,"arcgis.com",4,2,4,2,4,2,0,0,2,2
875,"gazeta.ru",3,2,3,2,3,2,0,0,1,1
876,"itopvpn.com",0,0,0,0,0,0,0,0,1,1
877,"usaa.com",3,3,3,3,3,3,1,1,1,1
878,"rumble.com",1,1,1,1,1,1,0,0,1,1
879,"depositphotos.com",6,6,6,6,6,6,2,2,1,1
880,"paytm.com",4,3,4,3,4,3,2,2,0,0
881,"a8.net",1,1,1,1,1,1,1,1,0,0
882,"shayanews.com",0,0,0,0,0,0,0,0,1,1
883,"aweber.com",6,4,6,4,6,4,2,1,0,0
884,"towardsdatascience.com",1,1,1,1,1,1,0,0,2,2
885,"khabarvarzeshi.com",4,2,4,2,4,2,1,1,2,2
886,"asmag.com.cn",0,0,0,0,0,0,2,2,0,0
887,"realestate.com.au",10,8,10,8,10,8,2,2,4,4
888,"goldcarpet.cn",0,0,0,0,0,0,1,1,0,0
889,"mehrnews.com",3,3,3,3,3,3,0,0,1,1
891,"usembassy.gov",4,4,4,4,4,4,3,3,1,1
892,"gmw.cn",0,0,0,0,0,0,1,1,0,0
893,"envato.com",2,2,2,2,2,2,1,1,0,0
895,"eenadu.net",4,4,4,4,4,4,4,3,1,1
896,"backmarket.com",2,2,2,2,2,2,0,0,1,1
897,"nextdirect.com",2,2,2,2,2,2,0,0,1,1
898,"uol.com.br",23,11,23,11,23,11,13,6,8,6
899,"hatena.ne.jp",2,1,2,1,2,1,2,2,1,1
901,"convertkit.com",7,6,7,6,7,6,11,6,3,3
903,"howtogeek.com",6,6,6,6,6,6,4,4,2,2
905,"uscis.gov",3,3,3,3,3,3,5,1,1,1
906,"quip.com",9,7,9,7,9,7,11,5,5,4
907,"odoo.com",1,1,1,1,1,1,0,0,0,0
908,"haqqin.az",0,0,0,0,0,0,2,2,0,0
909,"futbin.com",2,2,2,2,2,2,1,1,0,0
912,"audible.com",1,1,1,1,1,1,0,0,1,1
913,"informer.com",0,0,0,0,0,0,3,2,0,0
914,"sendgrid.com",7,7,7,7,7,7,4,3,1,1
916,"beytoote.com",1,1,1,1,1,1,0,0,0,0
917,"meetup.com",4,3,4,3,4,3,0,0,1,1
918,"haberler.com",1,1,1,1,1,1,1,1,0,0
919,"3isk.video",1,1,1,1,1,1,0,0,1,1
921,"vistaprint.com",0,0,0,0,0,0,2,2,3,2
922,"tirto.id",5,4,5,4,5,4,7,3,6,4
924,"stripe.com",1,1,1,1,1,1,0,0,0,0
925,"axisbank.com",9,3,9,3,9,3,2,2,1,1
928,"rbcroyalbank.com",0,0,0,0,0,0,0,0,1,1
929,"dream.co.id",5,3,5,3,5,3,7,4,4,3
931,"donga.com",3,3,3,3,3,3,1,1,1,1
932,"moniban.news",2,1,2,1,2,1,0,0,0,0
934,"elsevier.com",3,3,3,3,3,3,0,0,4,3
935,"plurk.com",1,1,1,1,1,1,1,1,2,2
936,"loupan.com",4,4,4,4,4,4,2,1,0,0
937,"cengage.com",9,8,9,8,9,8,8,4,3,2
939,"yumpu.com",9,6,9,6,9,6,4,2,2,2
940,"repubblica.it",17,10,17,10,17,10,9,4,4,3
941,"latimes.com",21,14,21,14,21,14,7,4,2,2
944,"vecteezy.com",4,2,4,2,4,2,9,3,0,0
946,"jagran.com",7,4,7,4,7,4,4,2,2,2
947,"elintransigente.com",2,2,2,2,2,2,0,0,0,0
948,"cfsbcn.com",2,2,2,2,2,2,0,0,0,0
949,"nownews.com",3,3,3,3,3,3,2,1,1,1
950,"julian-fashion.com",1,1,1,1,1,1,0,0,0,0
951,"celine.com",5,5,5,5,5,5,0,0,2,1
953,"spiegel.de",1,1,1,1,1,1,0,0,1,1
954,"telugustop.com",3,2,3,2,3,2,3,3,0,0
956,"azertag.az",2,1,2,1,2,1,0,0,0,0
957,"freee.co.jp",20,13,20,13,20,13,5,3,1,1
959,"modesens.com",5,3,5,3,5,3,7,1,2,2
960,"femme4.com",2,2,2,2,2,2,0,0,1,1
961,"thefreedictionary.com",1,1,1,1,1,1,3,3,0,0
962,"snappea.com",3,3,3,3,3,3,0,0,1,1
963,"invisionapp.com",3,3,3,3,3,3,0,0,3,2
964,"brilio.net",3,3,3,3,3,3,3,3,2,2
965,"onlinedown.net",2,2,2,2,2,2,1,1,0,0
966,"majestic.com",3,2,3,2,3,2,6,4,1,1
968,"redeao.com",1,1,1,1,1,1,0,0,0,0
969,"ojooo.com",2,2,2,2,2,2,6,2,0,0
970,"statcounter.com",1,1,1,1,1,1,0,0,0,0
971,"aruba.it",1,1,1,1,1,1,9,2,0,0
973,"jio.com",1,1,1,1,1,1,2,1,1,1
974,"khanacademy.org",1,1,1,1,1,1,0,0,0,0
975,"trulia.com",4,4,4,4,4,4,4,1,1,1
976,"mynet.com",3,3,3,3,3,3,2,2,1,1
980,"readmanganato.com",0,0,0,0,0,0,2,2,0,0
983,"ecosia.org",5,2,5,2,5,2,3,1,1,1
984,"getintopc.com",0,0,0,0,0,0,3,3,0,0
987,"ahrefs.com",1,1,1,1,1,1,3,1,2,1
991,"huawei.com",11,7,11,7,11,7,1,1,3,2
992,"huya.com",3,2,3,2,3,2,2,1,4,2
993,"fendi.com",6,5,6,5,6,5,1,1,2,2
994,"battle.net",1,1,1,1,1,1,1,1,1,1
995,"banggood.com",8,4,8,4,8,4,1,1,0,0
996,"fnb.co.za",1,1,1,1,1,1,0,0,0,0
997,"inews.id",6,3,6,3,6,3,3,2,2,2
999,"figma.com",2,2,2,2,2,2,2,1,0,0
1000,"bedbathandbeyond.com",1,1,1,1,1,1,1,1,1,1
